filename,width,height,class,xmin,ymin,xmax,ymax
325_jpg.rf.6859e02e08796ac17f1bcbb85dd63ace.jpg,640,640,drowsy,267,207,414,530
1891_jpg.rf.831001e2b1fb9c084870f81565135a66.jpg,640,640,awake,337,96,487,483
254_jpg.rf.b005c83cd7126a6dae45e6a0c160d517.jpg,640,640,drowsy,223,69,344,302
7_jpg.rf.1ac3057f3ddcd98abd710da295b8888c.jpg,640,640,drowsy,232,161,372,450
299_jpg.rf.4f432c58aae8a1ffe7e74d1b80fd47a3.jpg,640,640,awake,334,147,465,513
1780_jpg.rf.3d92f0607255e9e0e605b904863773c9.jpg,640,640,awake,264,143,448,511
1069_jpg.rf.2c33392835983e0c8b4c1a93de04b56b.jpg,640,640,awake,261,203,475,522
4_jpg.rf.6bf8c790992af9343b666c13a16ec095.jpg,640,640,awake,339,89,493,464
34_jpg.rf.ab2ea059faa5f9582823492825e6c17b.jpg,640,640,drowsy,235,89,382,385
718_jpg.rf.d2c0c25a21b68daf77ca4ae5476ae6e1.jpg,640,640,drowsy,195,88,343,403
249_jpg.rf.d845eb10c71f925052f41cf6ced11055.jpg,640,640,drowsy,262,59,451,481
562_jpg.rf.cf58e4535bd2626f4edd0147b3123f93.jpg,640,640,drowsy,333,76,505,473
574_jpg.rf.437a6d1a31a4c63c0c9b3858c66eebf9.jpg,640,640,drowsy,310,108,461,472
378_jpg.rf.1049a19c43021944f2a11f56ae822ef1.jpg,640,640,drowsy,326,86,496,492
167_jpg.rf.e1b19675e38256718a78537facfea846.jpg,640,640,drowsy,252,86,446,500
1597_jpg.rf.c2b6f5cc1d40e0ddfb67a9025c0fa5ac.jpg,640,640,awake,290,141,485,533
2581_jpg.rf.0234200530cae3000875e4522aad9206.jpg,640,640,awake,251,203,433,507
1250_jpg.rf.8f2248ed87402fa29c11e48005b503d1.jpg,640,640,awake,345,125,497,457
2241_jpg.rf.9ff67b4042c108f3c02dc97d213723ad.jpg,640,640,awake,327,216,498,536
1779_jpg.rf.a8052d4c72fd5f847cc6e20b715701c3.jpg,640,640,awake,266,144,445,522
616_jpg.rf.738b3816db3f1bd5af3211467090b8a1.jpg,640,640,awake,278,179,409,499
411_jpg.rf.1282711fd12c83425d7785fa711bdaaf.jpg,640,640,drowsy,267,165,406,449
271_jpg.rf.99a8a50e75ed9c5763c26062dc379a96.jpg,640,640,drowsy,311,91,457,496
216_jpg.rf.b3e74a5457fdc2ba7f6fdb604003bfaa.jpg,640,640,drowsy,228,165,389,510
2290_jpg.rf.70ab9a2d7bc27332a485942f023143ae.jpg,640,640,awake,249,76,444,489
1486_jpg.rf.15118dc1eb42ba2064236ebd517d669c.jpg,640,640,awake,294,120,476,500
202_jpg.rf.612b39fbf0a781b3e520b986dd9ea241.jpg,640,640,awake,244,232,372,446
73_jpg.rf.f0bfcdc7457bd2be7039961639e01349.jpg,640,640,drowsy,275,61,426,362
2012_jpg.rf.5d38773a197fd0725fb4ea5d8d9a62e2.jpg,640,640,awake,285,57,500,478
233_jpg.rf.4d0c440ed8ac313cfb36d8d730074ef9.jpg,640,640,awake,138,43,308,421
647_jpg.rf.3eae4efc9338b1e325617837d647debe.jpg,640,640,drowsy,206,171,344,438
2154_jpg.rf.250e8078c4585abf2da0a8ed89cb82c5.jpg,640,640,awake,313,139,446,489
649_jpg.rf.6998906ac201b5c6eb373c6466bc4ccb.jpg,640,640,drowsy,220,193,348,434
321_jpg.rf.47c3e8eb6cc25530f95c77db690050bd.jpg,640,640,drowsy,217,91,395,491
1010_jpg.rf.b2ef21beb0d80b60aee7cec29d2f5cf0.jpg,640,640,awake,285,178,427,499
998_jpg.rf.0e54e79ca3e87859a4c50d6cc73d4b97.jpg,640,640,awake,264,204,446,481
180_jpg.rf.47a2dfc562ff98b92372cd3afc1ac488.jpg,640,640,drowsy,63,88,241,452
651_jpg.rf.78ca737f21db85a7dfd2309e40802966.jpg,640,640,drowsy,240,187,379,450
1463_jpg.rf.f4863e0b7b7d86e041ccada2f500eb8f.jpg,640,640,awake,357,104,512,460
508_jpg.rf.e95249269dcb375c087eba469bccef57.jpg,640,640,drowsy,338,157,502,536
147_jpg.rf.412726141d475c8fb6eb46fcf95ece2d.jpg,640,640,drowsy,222,155,365,487
1863_jpg.rf.17433811e72c8b6668baac685f50051a.jpg,640,640,awake,341,127,482,462
609_jpg.rf.0dcbb6d4b7d5a35f3a3ca3ad2ec31a9b.jpg,640,640,drowsy,320,149,493,529
140_jpg.rf.128feea05a8617d38d1efbe85b586edf.jpg,640,640,drowsy,186,131,299,416
78_jpg.rf.f42ebd82157d87532b110b8cf201ca0f.jpg,640,640,awake,124,91,302,455
20_jpg.rf.3ae08674e7f6ea430b10368aaccef0b2.jpg,640,640,drowsy,249,167,383,448
2217_jpg.rf.fe073fa85f6a4674d2b94db3d1c4ed29.jpg,640,640,awake,342,144,475,498
641_jpg.rf.a9e2f66332e227954c674d8010b5fd3c.jpg,640,640,awake,263,121,484,525
88_jpg.rf.e34d71dbbb63f734b1cfb8dc6b24db50.jpg,640,640,drowsy,276,133,401,398
2282_jpg.rf.dab6be8daa53328303c866424d31f534.jpg,640,640,awake,283,81,464,489
1627_jpg.rf.6752e68b7326733c8d27837903d5ea52.jpg,640,640,awake,277,188,422,470
310_jpg.rf.1f1466e01d1808e0fbabd2b4cf40dbee.jpg,640,640,drowsy,254,103,415,440
702_jpg.rf.11699e39abe430bdfc462cb1546cdabb.jpg,640,640,awake,127,155,308,483
685_jpg.rf.6f659d381ed1971ae06f67343db2bce4.jpg,640,640,drowsy,255,35,389,328
223_jpg.rf.da03f949c894b827b86b51ada9091f77.jpg,640,640,drowsy,223,64,375,477
316_jpg.rf.6bf09427c5021e05ccaf81c958b684aa.jpg,640,640,drowsy,241,214,404,485
174_jpg.rf.cfb93abcc504d7ba511dd726c5157337.jpg,640,640,drowsy,233,89,358,365
205_jpg.rf.9af6d52478962ba47e1ef404e1c623dc.jpg,640,640,drowsy,185,147,381,576
145_jpg.rf.385fb063c22e5a5ce70827523a8725a6.jpg,640,640,awake,158,80,316,444
867_jpg.rf.200aba6f9d61c4d63bf892379d607b32.jpg,640,640,awake,334,67,500,402
779_jpg.rf.167bfeb66b6f068c6b17392d358a70a9.jpg,640,640,awake,279,123,416,463
2354_jpg.rf.67a6fa63683c5049eca2bd15ed76aa49.jpg,640,640,awake,263,155,466,515
493_jpg.rf.0bb0d37c08fa493f6e442f5c4192de5e.jpg,640,640,drowsy,225,93,376,475
2126_jpg.rf.7c0b2f47408735ddcf333ac8634ee030.jpg,640,640,awake,180,155,361,527
2198_jpg.rf.f0142e472d64e8800ea8a9cde91e128a.jpg,640,640,awake,312,139,508,478
217_jpg.rf.d2f8098c8ad6c5cd837683577e3eb1d1.jpg,640,640,drowsy,180,159,359,528
16_jpg.rf.4b50c0a37a1751c6aa1a41ae86bbe109.jpg,640,640,drowsy,246,171,379,450
2158_jpg.rf.c247209c7f04ed9b32b88f4a0730b1ac.jpg,640,640,awake,271,138,425,485
106_jpg.rf.e0109cdbbca5a6efffb98a1e803e50ab.jpg,640,640,drowsy,132,72,305,480
435_jpg.rf.3c6f82dc7bfe8c738934f958dd3dd11d.jpg,640,640,awake,197,180,365,533
475_jpg.rf.96bbd0b2782f80a7584f6dcfe51c5d77.jpg,640,640,drowsy,219,124,396,529
58_jpg.rf.d3d6e51899e4311cfd34a5a8c3b12c4d.jpg,640,640,drowsy,277,95,399,345
1269_jpg.rf.94da879e2bc96e8ece8777710dc60d22.jpg,640,640,awake,271,101,462,447
1464_jpg.rf.fba7745118eae490bf09cc9d79d5305f.jpg,640,640,awake,345,99,517,460
1781_jpg.rf.8ca6f4f91319fd956fb5a936db757d94.jpg,640,640,awake,269,150,447,516
1268_jpg.rf.e4d4fef5eb18abdf010627c43e87532a.jpg,640,640,awake,294,96,482,443
593_jpg.rf.654666e4e4db045b4fed90b8fb7f76c1.jpg,640,640,drowsy,340,144,483,505
1004_jpg.rf.e03e14d153c71e9e0b32f57f02ce68e6.jpg,640,640,awake,245,201,451,477
222_jpg.rf.7aa10c2a096c60961eaf012b1c468ccf.jpg,640,640,drowsy,222,68,375,477
327_jpg.rf.38dbcac392b86cd3a1894be369e7f6fa.jpg,640,640,drowsy,249,238,404,537
2399_jpg.rf.378de49d82a818536b48690e407c0c92.jpg,640,640,awake,335,134,496,531
381_jpg.rf.9af6e1fbd62609cae3b658b6e6cf7818.jpg,640,640,drowsy,321,67,482,515
1032_jpg.rf.9c43a9f43f82fc5da82b54dd0a6cb834.jpg,640,640,awake,250,170,425,499
17_jpg.rf.c3bb2096582eb11da0d3631048fda567.jpg,640,640,drowsy,251,171,382,451
553_jpg.rf.4d285cf8987f2485426cf5a1a8d483c2.jpg,640,640,drowsy,221,48,402,476
46_jpg.rf.1ce6fe8c9656c31f113eecb0c66ec1e7.jpg,640,640,drowsy,194,27,365,416
552_jpg.rf.87015637824df67726328ce2ca5cb441.jpg,640,640,awake,212,87,376,461
1213_jpg.rf.4575574719209e7f77848d4c96d42cdb.jpg,640,640,awake,322,117,499,490
618_jpg.rf.bf7b17f0dc095764512a20a4d67fb21f.jpg,640,640,awake,220,192,384,524
2474_jpg.rf.548bfc592ab40f7a5689a0dece94aa21.jpg,640,640,awake,176,6,367,421
513_jpg.rf.fa7e0ae3e498b28c827084e3d723566a.jpg,640,640,drowsy,282,91,453,501
719_jpg.rf.ad2a10a18f99223d19db9edb1b6cbf67.jpg,640,640,drowsy,200,88,354,405
12_jpg.rf.6c5ae980aa728988ea990adce98005e3.jpg,640,640,drowsy,250,165,382,443
2519_jpg.rf.216692ec1f4b44e368fdf2876f6e728b.jpg,640,640,awake,137,55,339,402
2349_jpg.rf.56d07c073bd4bc158f7a7de73da3e856.jpg,640,640,awake,335,123,475,490
1496_jpg.rf.aa7d607bb427988c16e9e4e9fdcd36b3.jpg,640,640,awake,291,124,472,505
1946_jpg.rf.223820e7a5d044f14d7c08776dfd14b3.jpg,640,640,awake,317,90,485,442
133_jpg.rf.aa793fc6a54ff1d196dc2f1c20f8c71f.jpg,640,640,drowsy,239,205,372,463
2606_jpg.rf.3758a82838b2598e5402de4f411ed0d3.jpg,640,640,awake,224,3,397,318
2133_jpg.rf.23eb925996b8df016dda05ad18f1db8c.jpg,640,640,awake,274,215,437,523
15_jpg.rf.7f91d0c1be297d1f754c1b2b785f3c98.jpg,640,640,drowsy,244,167,378,453
682_jpg.rf.a12ba4266a6604798b3dfff71908ebd9.jpg,640,640,awake,247,129,430,509
1537_jpg.rf.4f1ba38fd4af4f50f7b3f1e4b060aca4.jpg,640,640,awake,246,190,419,562
2130_jpg.rf.cd730d016aa5716c4cc5793a29f217ed.jpg,640,640,awake,237,229,413,537
1451_jpg.rf.ed1c108736f2c2a11f98ee9da95482c2.jpg,640,640,awake,346,155,481,444
134_jpg.rf.d06b33d95eb06af68ceeeb5bc4c17032.jpg,640,640,drowsy,242,212,371,459
449_jpg.rf.e7726e9ccff011e566e3cf006e4d55fd.jpg,640,640,awake,186,180,388,555
1261_jpg.rf.459b92bf394db2f1ddea76d2af799df3.jpg,640,640,awake,324,111,508,467
322_jpg.rf.27b50bf5834e9f3020648d3a58dbccc5.jpg,640,640,drowsy,213,94,391,492
2542_jpg.rf.193ea763b4bc935fc3169788af1fcfd6.jpg,640,640,awake,182,117,362,426
26_jpg.rf.22cae6351fad59a6e64239cc75a6711e.jpg,640,640,awake,258,80,436,437
1768_jpg.rf.c4dda644d45c6a6e918c4beb02d509e5.jpg,640,640,awake,264,155,444,512
2540_jpg.rf.0cef23b269d54b2bb4ca96c49c33b1b4.jpg,640,640,awake,252,30,433,407
2121_jpg.rf.d17265969c1362cc4849838d5f860751.jpg,640,640,awake,287,171,419,510
413_jpg.rf.c07ec6d0d5c4c5d9357201596b702535.jpg,640,640,awake,257,134,424,468
2312_jpg.rf.b6b8708b9f670113bfad2e69432f8a8a.jpg,640,640,awake,310,149,474,513
578_jpg.rf.e5d58a2d5610003c51ac3bd60ecebda1.jpg,640,640,drowsy,247,149,399,529
365_jpg.rf.cab9d63ac3e967907f5ed973f598e8f6.jpg,640,640,drowsy,313,128,466,500
420_jpg.rf.cc4de43540bc821f8adfa9437d2f24d3.jpg,640,640,drowsy,285,227,418,496
1559_jpg.rf.1af14ad7b03bc2fafbea3f98cbd86bdc.jpg,640,640,awake,380,192,531,608
27_jpg.rf.2bb68ab154463c49440583862a1e2e10.jpg,640,640,awake,272,73,434,429
2216_jpg.rf.0e3d57c443cce746bb1c48ae2a1554cf.jpg,640,640,awake,326,139,462,502
654_jpg.rf.0d297caa6edc5e9329af0a797f338b99.jpg,640,640,drowsy,258,150,390,437
121_jpg.rf.8f98803e59179240668856f23fbc9aff.jpg,640,640,drowsy,269,51,443,418
1452_jpg.rf.66bd77d85aeba60a2f51c2e4e1bc164b.jpg,640,640,awake,336,102,503,454
1593_jpg.rf.d1553e272bd875569c94723e524d1234.jpg,640,640,awake,290,137,486,539
394_jpg.rf.ebd2064fe15c83a1139f3fb380e56557.jpg,640,640,drowsy,261,163,398,453
272_jpg.rf.ba064b26704cb50a805a540f88fad124.jpg,640,640,drowsy,317,87,461,470
60_jpg.rf.cfc87d28d5cd1378cba2334bbb83cdcb.jpg,640,640,drowsy,287,84,413,351
186_jpg.rf.ed688a3d5ad009e1a2357a2fbdfd0abe.jpg,640,640,drowsy,235,149,405,520
454_jpg.rf.bad7aa0e2b37a7f20f88c0be7cc5261d.jpg,640,640,drowsy,228,171,427,597
1118_jpg.rf.c52618a4cf0c8fde437eec2af22f68af.jpg,640,640,awake,228,115,405,509
350_jpg.rf.4583565e4d6748d9933df4b73bdb5a04.jpg,640,640,drowsy,333,169,499,545
1030_jpg.rf.412718f6aa65f371035b9a266ae1ac12.jpg,640,640,awake,247,175,422,498
919_jpg.rf.2373f1b79458927220971f005ff03633.jpg,640,640,awake,242,224,397,479
572_jpg.rf.a437ccbe3a14cbe52955c025cf164132.jpg,640,640,drowsy,274,127,406,380
964_jpg.rf.71b39f79fa32f56039195371b551c169.jpg,640,640,awake,260,94,440,484
1572_jpg.rf.18be62f5113c9e809ba51b89888449e9.jpg,640,640,awake,375,149,530,456
959_jpg.rf.e5e737fa0e13123d8d04d1d2a3ab6c9a.jpg,640,640,awake,240,89,430,496
709_jpg.rf.0b47c7afb250eb8fcf3cad2662745cd6.jpg,640,640,drowsy,260,64,378,299
2152_jpg.rf.8d81ff930d24de00270c99932ad807c2.jpg,640,640,awake,272,140,421,486
21_jpg.rf.78edef007a3b7749c52d648b39c99014.jpg,640,640,drowsy,252,163,382,444
379_jpg.rf.e9325a9b1e36a2f33f3398ebefd84d06.jpg,640,640,drowsy,323,88,490,480
666_jpg.rf.42a4f38660d1ff895e34750eead85b0b.jpg,640,640,drowsy,168,31,348,396
1498_jpg.rf.2f9738363d4d147d85d40a5ea17a9043.jpg,640,640,awake,298,122,480,501
127_jpg.rf.b908f6514c6ec4f92cf8729ab97e28ed.jpg,640,640,drowsy,199,154,319,389
2109_jpg.rf.aa8b5d52c79b8c1001c4c1d96a8a0982.jpg,640,640,awake,175,149,343,524
309_jpg.rf.a39df5b2a083ef0e95ff3d634f387a16.jpg,640,640,drowsy,251,102,417,458
344_jpg.rf.6a9d1f73acf4f319558831b441b7c70e.jpg,640,640,drowsy,301,175,485,545
444_jpg.rf.3b0cbe105041e5df56517d1887a97aa1.jpg,640,640,drowsy,314,122,491,540
1532_jpg.rf.fc3bb170fa5c3d2e46a34f59b054fcc3.jpg,640,640,awake,288,91,443,479
6_jpg.rf.0689ebc7c6fbb06dd6bd2386451b8a7a.jpg,640,640,awake,412,89,527,447
2070_jpg.rf.f791738649666dff79202fb814f5ecf0.jpg,640,640,awake,330,71,500,444
626_jpg.rf.9072bec11abc637a5af3aa9b907c41e2.jpg,640,640,drowsy,325,45,512,449
145_jpg.rf.cacd909d1ff958877868cbea33f2294b.jpg,640,640,drowsy,147,163,292,453
982_jpg.rf.0280dcc9d11c47d20d98b368d008dbb2.jpg,640,640,awake,269,195,426,480
1897_jpg.rf.89b766b3eb6529700544cb949509d5d1.jpg,640,640,awake,356,98,526,517
427_jpg.rf.642ec14cdc61969920db87a346ecc3d9.jpg,640,640,drowsy,284,144,419,507
1820_jpg.rf.bd681562dc50c013f09583aa7b933240.jpg,640,640,awake,317,90,464,470
392_jpg.rf.1e254eb729dfa0e6de0154fed2268a14.jpg,640,640,drowsy,245,40,425,438
495_jpg.rf.65f08aa73d1e5ca692cdce71755a2837.jpg,640,640,drowsy,210,69,360,448
531_jpg.rf.bf061339eb1bc235c2707afb6cac62a2.jpg,640,640,drowsy,355,77,511,465
391_jpg.rf.a6fd17e60292b472371df45dfa59ed84.jpg,640,640,drowsy,223,23,396,408
399_jpg.rf.0cae105a27154c360c744cff41cd3418.jpg,640,640,drowsy,270,165,402,444
383_jpg.rf.b26fb16d4ad25fa365fdfbe46759b095.jpg,640,640,drowsy,269,129,413,504
726_jpg.rf.6dbf10598b82d0592dc36a4e91fd90e2.jpg,640,640,drowsy,208,98,357,407
613_jpg.rf.4016563c76dd48222c8d4d73233aa092.jpg,640,640,drowsy,351,92,506,505
1538_jpg.rf.42d4e8dd42a3ea5335ee7a17fb096b94.jpg,640,640,awake,239,202,391,556
610_jpg.rf.b72319bee2a7bd2d0f924927591d0f5d.jpg,640,640,awake,167,161,382,511
548_jpg.rf.ae59c4b8e6ebff61b1c2dc0b29dccb70.jpg,640,640,awake,228,85,385,456
725_jpg.rf.48cc3b8cdb2f04532af8050416886d71.jpg,640,640,awake,288,128,441,475
1641_jpg.rf.44c38e5351d60fc4230b36a1a8679542.jpg,640,640,awake,285,194,417,470
2464_jpg.rf.5416a7a3845ce8dcb7c767e1ecd2db6a.jpg,640,640,awake,170,98,362,500
663_jpg.rf.b06f01906105081e2b0191fd09074800.jpg,640,640,drowsy,242,8,415,429
1062_jpg.rf.3cd297afa533b0ac476fe5dcd0229022.jpg,640,640,awake,244,195,464,538
1042_jpg.rf.f7960ce970b006fb962bd6424815697a.jpg,640,640,awake,234,144,415,471
1129_jpg.rf.990b4f0bd31e0c982f97b9e490833cb4.jpg,640,640,awake,289,128,425,475
76_jpg.rf.121d1a0e74a8cb9c077a6615d31df23a.jpg,640,640,awake,121,80,301,453
398_jpg.rf.9aa8b7719d5a439ed6b8ca9d828e836d.jpg,640,640,drowsy,270,163,402,450
373_jpg.rf.1c2463e6bb250e477e90a2a3727924a8.jpg,640,640,drowsy,379,110,528,509
624_jpg.rf.563f271c4e8242c3e77a260881a04729.jpg,640,640,drowsy,244,109,367,369
268_jpg.rf.3b0f0888cc6d1d185663bdf3bcae5804.jpg,640,640,drowsy,198,116,373,490
298_jpg.rf.f8bd4945423b92805aa79759f73ed572.jpg,640,640,drowsy,272,85,457,506
681_jpg.rf.5429ec9c4f20f9111c226f0f61970923.jpg,640,640,awake,207,125,403,523
2536_jpg.rf.58bba9016c7df2d30af99f59f25163a4.jpg,640,640,awake,248,6,431,407
617_jpg.rf.ac69e99d077946208e3e267c586aca90.jpg,640,640,awake,250,185,399,513
2461_jpg.rf.2a050b9af0d1ff043b70aa0ee2c98f20.jpg,640,640,awake,176,96,366,497
351_jpg.rf.f31fcd2859c5938c3bc33f7d1cda0794.jpg,640,640,drowsy,373,188,512,534
229_jpg.rf.13ce398706e53523615a09da8d8f7b0c.jpg,640,640,awake,110,41,292,410
112_jpg.rf.4d003f4f4104ccc5acd27bfdb346d5b8.jpg,640,640,drowsy,288,68,452,431
1363_jpg.rf.3f36d3857b6d6422a5b1727efe26a6c7.jpg,640,640,awake,150,66,353,429
371_jpg.rf.9eeb2f5f405584a2d2e449bf532cc411.jpg,640,640,drowsy,369,110,513,502
983_jpg.rf.3e243816d974dd001633322abf1df3fa.jpg,640,640,awake,304,200,438,486
191_jpg.rf.43a4c8f1186b12cca5696059d0a2b0c0.jpg,640,640,drowsy,242,149,411,512
221_jpg.rf.120545fa65f7329a0d554ad1f8b0590d.jpg,640,640,awake,151,36,315,403
602_jpg.rf.19e9808616f138ac76e068f3c33c717d.jpg,640,640,drowsy,284,59,450,515
412_jpg.rf.9f3b267987674490209824a5b7c28e54.jpg,640,640,drowsy,269,165,406,445
1876_jpg.rf.ae38b40954e0d0eb90fc86f4c1bc6582.jpg,640,640,awake,412,114,537,437
465_jpg.rf.a2965c24b80867dd06a7f12c4dd63b7e.jpg,640,640,drowsy,368,162,519,483
67_jpg.rf.da333c2fb2b2ac4698a7fc1ff9a94dc6.jpg,640,640,drowsy,140,48,314,443
499_jpg.rf.1090618736c4b27ef776d90d4a259c18.jpg,640,640,drowsy,297,148,466,539
487_jpg.rf.8b7ee74cd0b755c0e3720ec53f37da71.jpg,640,640,drowsy,226,141,391,505
1510_jpg.rf.5eb21e242023b48be3f4c11d7f6c5699.jpg,640,640,awake,294,96,445,477
422_jpg.rf.54fe334671da552eace003e5e5e39d5e.jpg,640,640,drowsy,287,224,412,483
2_jpg.rf.91eac39bf6d504d23e3fa92e1777cfd8.jpg,640,640,drowsy,370,72,521,474
837_jpg.rf.0787d6227b2423979db68962938c4d29.jpg,640,640,awake,311,113,451,450
724_jpg.rf.563bfa488da36f0bb7de0254d52d1083.jpg,640,640,drowsy,212,96,366,434
1210_jpg.rf.8d7997425b14367e12a4982c36a547fe.jpg,640,640,awake,354,102,519,454
336_jpg.rf.2478e5437192f0df4ee78707bb29e36c.jpg,640,640,awake,237,160,431,499
1766_jpg.rf.563afc54d60a1d33c9dcb2af4117213f.jpg,640,640,awake,263,140,443,509
525_jpg.rf.24c64bc174865e1bd19517e60cb5ff03.jpg,640,640,drowsy,298,96,471,536
353_jpg.rf.cc7ad0b6aee5a8b28fdeea58e6a39ae7.jpg,640,640,drowsy,307,156,492,537
178_jpg.rf.3feda415153e812646d294b58f4039b5.jpg,640,640,drowsy,52,91,236,460
299_jpg.rf.23181c3c18af92e73c293842ca8971c5.jpg,640,640,drowsy,271,124,446,514
606_jpg.rf.9aa60b393e8412a75dba32900b49f5b1.jpg,640,640,drowsy,306,83,460,499
773_jpg.rf.f15afdbc1e51a531aadc4ab234b08f26.jpg,640,640,awake,265,120,415,460
717_jpg.rf.6fb236e523b66cb9029d8d5d70db9a2b.jpg,640,640,drowsy,199,81,349,418
1949_jpg.rf.6f352ee745c985407cda80fe4101957d.jpg,640,640,awake,318,85,484,428
630_jpg.rf.bee960fd8b20934bb277b5c6200f66d7.jpg,640,640,drowsy,202,93,374,524
460_jpg.rf.73c48fcd4426611a2f20f0c00d2ee64d.jpg,640,640,drowsy,248,167,433,591
1950_jpg.rf.0bbea85f95f97391712c1f74afbd123a.jpg,640,640,awake,316,86,482,439
1707_jpg.rf.dfcd05aa84b83e119d4165101b73f6c7.jpg,640,640,awake,297,127,461,509
781_jpg.rf.52797f3c4bcfca04b0c3868c4a9617d7.jpg,640,640,awake,273,135,423,478
316_jpg.rf.02fd6829a2717ca40896b462eb1e2c08.jpg,640,640,awake,234,161,425,505
594_jpg.rf.40a42f90773331466c6e34b4231a65ab.jpg,640,640,drowsy,310,191,472,497
203_jpg.rf.5f8593c52b73b01f82499118f26eb8ef.jpg,640,640,drowsy,193,125,369,567
2011_jpg.rf.2281186a68b21f618c7e0d4a31409550.jpg,640,640,awake,300,60,507,478
516_jpg.rf.bd9cbe1f897354c25a637ef144356dab.jpg,640,640,drowsy,302,99,469,502
555_jpg.rf.cf9a889806315e1be66273b5f2dbfeaa.jpg,640,640,awake,228,85,384,448
670_jpg.rf.1247785c4ad44be89705fdbed802c5ff.jpg,640,640,drowsy,266,93,405,370
429_jpg.rf.b98f61354d80aa0e2f9f7ead89659c3a.jpg,640,640,drowsy,284,139,418,502
694_jpg.rf.7b9813392a61635f371148fcccf4eb66.jpg,640,640,drowsy,160,102,347,445
303_jpg.rf.3afec67e77812cdadd4195e04b4b2216.jpg,640,640,drowsy,257,101,422,449
75_jpg.rf.d9155ee18dfa81455f84787007bc957d.jpg,640,640,drowsy,287,64,442,372
213_jpg.rf.cbaf8bc19ffad7e8dd01a733c5cf949b.jpg,640,640,drowsy,200,171,356,515
45_jpg.rf.4ba97cc44a9cee2e9720dff887fd2b1a.jpg,640,640,drowsy,191,21,367,416
143_jpg.rf.07d7dbf79c7ec16bdcb02ba85233b4f0.jpg,640,640,drowsy,169,139,297,434
150_jpg.rf.427b79fbebc6ba326473921bc8e9e36f.jpg,640,640,drowsy,245,157,379,474
480_jpg.rf.e00782136549a6b91bb79bf4e921eb99.jpg,640,640,drowsy,226,130,396,515
632_jpg.rf.81f3cad94ac7f24b51275a1d2bc5b44b.jpg,640,640,drowsy,188,132,362,530
688_jpg.rf.d43c67837ae65ccbc65436a1e7b887e3.jpg,640,640,drowsy,156,91,341,444
320_jpg.rf.15d1aea7f7154bc32d4efc9091c6e701.jpg,640,640,drowsy,220,84,393,488
2058_jpg.rf.f1c5f6b783236dbf537c899ee506f77f.jpg,640,640,awake,271,21,413,383
1050_jpg.rf.293111f391ce3bdbaa68f947976e6a9f.jpg,640,640,awake,233,154,416,488
640_jpg.rf.fc358f9e16b738aa221df4c588abe2c9.jpg,640,640,drowsy,215,181,332,443
1571_jpg.rf.edf63cafe29f35975ec77d13c0daafdb.jpg,640,640,awake,365,137,521,446
733_jpg.rf.1ddcbfc99197ce5bb8c710ec7e1e0efd.jpg,640,640,awake,314,115,455,469
302_jpg.rf.3f7d05234ed9d2e9cc9758be99d88f56.jpg,640,640,drowsy,253,98,420,453
297_jpg.rf.05e49d2858299b4e20349c0c1faa75ee.jpg,640,640,drowsy,253,107,449,507
1703_jpg.rf.cfb9594cb162d4b4358f98a52a0382ce.jpg,640,640,awake,214,72,367,426
240_jpg.rf.f3fa1c4c41ebcadecaaccd735938ae0c.jpg,640,640,drowsy,235,168,362,434
1134_jpg.rf.2f98504ef3475dc87816bfb5fe393d64.jpg,640,640,awake,341,147,465,478
431_jpg.rf.65c4cd080fbe9d279f70530fb288a0cb.jpg,640,640,awake,199,183,370,531
141_jpg.rf.475f764ec50322f09709e1f85d9cd3f5.jpg,640,640,drowsy,174,135,295,427
202_jpg.rf.94ff71dfdb036e1f8d525d73547170dc.jpg,640,640,drowsy,199,135,369,571
1576_jpg.rf.cf8f4957fdfbe977fd3c7ae4ae68ff3f.jpg,640,640,awake,358,131,513,437
401_jpg.rf.735f294e45c326359bf34a3480262649.jpg,640,640,drowsy,267,161,402,450
2478_jpg.rf.6221d7f7f847a16b1c6786341ba1acd4.jpg,640,640,awake,164,1,360,399
293_jpg.rf.cf0eec33ac98c67d89c7b895ad5aa7f3.jpg,640,640,awake,256,149,442,523
355_jpg.rf.3ca31451327e3906b6525c3b5ab7386b.jpg,640,640,drowsy,299,165,490,542
1857_jpg.rf.b779aa33300df8dcdd67424396a8c3b5.jpg,640,640,awake,245,84,439,463
1932_jpg.rf.9a837e6e37924b2891f6bede8482192e.jpg,640,640,awake,307,88,485,452
5_jpg.rf.cd85247019712327872742053297c329.jpg,640,640,drowsy,246,155,382,446
2484_jpg.rf.a3f9de060b088327c2593d065f3b35c1.jpg,640,640,awake,323,1,443,382
2463_jpg.rf.e52735c3ccedced64f0826f4cf619d6b.jpg,640,640,awake,176,103,364,495
294_jpg.rf.51dd99d7c005cbe9019820ea8fe2139f.jpg,640,640,drowsy,278,93,466,548
1097_jpg.rf.ac56d27b9b8702bfded00420d954c215.jpg,640,640,awake,272,193,481,506
1177_jpg.rf.8e76c2d78c4e0800c8435d3638fe14b7.jpg,640,640,awake,307,135,478,473
474_jpg.rf.b7c2d93d34a784f64a2ddfcf3e96b725.jpg,640,640,drowsy,232,136,404,525
597_jpg.rf.49c25cfc5d5b0308e66870e52a9d431b.jpg,640,640,drowsy,244,110,410,484
117_jpg.rf.8292d4d07ec4abb40d802b6224650ec8.jpg,640,640,drowsy,281,51,454,424
1214_jpg.rf.69268a39948898e8915bf631e1e534bb.jpg,640,640,awake,341,116,506,478
2090_jpg.rf.3398827fe18332ed4d6532c9bb6cf7f0.jpg,640,640,awake,311,109,454,449
619_jpg.rf.3ef4e1b0820a54fc3b401cf153656905.jpg,640,640,awake,223,185,382,519
997_jpg.rf.7216d812a0f1fc24aeddedcbb96f9aed.jpg,640,640,awake,284,208,456,481
635_jpg.rf.761ce34f44196ce66cdc548cb307fc82.jpg,640,640,awake,266,100,467,479
1497_jpg.rf.a24e0e84cf883334ee257956b59f7777.jpg,640,640,awake,285,121,471,504
77_jpg.rf.90eb39e736d0e49b4225ebe2c8158b4f.jpg,640,640,drowsy,191,165,337,475
448_jpg.rf.4969384f41c04e2cc1e1daa8d0f316c8.jpg,640,640,awake,179,183,391,559
497_jpg.rf.bf02cc1b395a8b042338823489464158.jpg,640,640,drowsy,218,91,373,462
715_jpg.rf.25fe1413190ec56b8bcd43bc71d420c6.jpg,640,640,drowsy,202,107,363,444
1248_jpg.rf.7b6b9200e3faee33506edb17df15cce7.jpg,640,640,awake,335,116,500,449
1007_jpg.rf.b3f557fad225a9013aaf51f00487bdc5.jpg,640,640,awake,269,168,432,492
2091_jpg.rf.27f781225025bb82e5fd5eb36f6fe396.jpg,640,640,awake,315,113,453,449
2202_jpg.rf.c263515d371eeece47b5ddfa6c7c5c32.jpg,640,640,awake,335,131,514,466
1323_jpg.rf.c8baab2cb063c12a1c4d6a965fd68522.jpg,640,640,awake,273,132,417,478
623_jpg.rf.3ac6eced2d222d807320f7a1774dcecb.jpg,640,640,drowsy,220,111,339,358
102_jpg.rf.90d4f916567cab9dd16aa9f0796173e9.jpg,640,640,drowsy,138,73,302,477
476_jpg.rf.73da63980cd286f8affbd65a3ce3621e.jpg,640,640,drowsy,222,127,394,522
1686_jpg.rf.d9ebe86379329129eea392e026457ff0.jpg,640,640,awake,228,97,379,433
2513_jpg.rf.96b39d0c2ce662a1c9f3e20c050fd023.jpg,640,640,awake,114,50,315,415
122_jpg.rf.a53e091398f444a98517f8e5d94859b4.jpg,640,640,drowsy,242,156,364,394
49_jpg.rf.f62bf69c7e5eb1e923851c24ddf2ae91.jpg,640,640,drowsy,200,32,371,409
241_jpg.rf.e0e06d145fa38f39923bc3760a9a81f3.jpg,640,640,drowsy,243,157,368,415
620_jpg.rf.fbb388951ce7abe91ee5236e6ef8b885.jpg,640,640,drowsy,240,188,423,452
1898_jpg.rf.9ca1bb9329f39dd6020efbef099cd707.jpg,640,640,awake,341,92,505,498
501_jpg.rf.2fd03d2222a3d90862108370d5f3681f.jpg,640,640,drowsy,278,135,454,545
899_jpg.rf.63cf93c34a0e9d998d93a3d4d2282205.jpg,640,640,awake,346,163,486,521
1412_jpg.rf.2a5fcdf3aa1b4a2eeb11729ef6490618.jpg,640,640,awake,263,125,428,463
130_jpg.rf.8e0c696b26e194171979f8269e15ceaa.jpg,640,640,drowsy,228,149,355,394
1598_jpg.rf.8e3fe2dd69058c7fa2421e46e864b9ab.jpg,640,640,awake,298,138,488,534
608_jpg.rf.945f4d096903a0cea1f54f825f4e122e.jpg,640,640,drowsy,320,168,497,548
58_jpg.rf.424a10e090d7586576666b3c8f4e707b.jpg,640,640,awake,246,47,393,410
437_jpg.rf.02282278d3ecfee95e94010e64ccb210.jpg,640,640,awake,197,174,389,542
1782_jpg.rf.2a677a14b0213eee0dc8bd9a68861294.jpg,640,640,awake,400,167,544,486
644_jpg.rf.055b865815612b7d5d1df47a55e452e5.jpg,640,640,drowsy,255,196,387,450
142_jpg.rf.fe5fae5b63228db690e3460b6a2b94ff.jpg,640,640,awake,126,75,303,458
2246_jpg.rf.5e3d253a1ddb1d077fc42c2025452e51.jpg,640,640,awake,364,200,516,519
677_jpg.rf.e69b002e50fb417f31fd2406bd3238f0.jpg,640,640,drowsy,248,40,382,323
659_jpg.rf.6083084e536176d7171d867b99755632.jpg,640,640,awake,329,151,506,527
758_jpg.rf.3348de01f86925e099e65c8570fa1b83.jpg,640,640,awake,259,168,450,511
546_jpg.rf.ac543a62eca22de15e0f74cac2de61df.jpg,640,640,awake,224,90,383,455
981_jpg.rf.ccf0484c75eb948f3029be433623d59d.jpg,640,640,awake,275,187,430,485
118_jpg.rf.0c5e878d89c8e8de9266a0575d023ff8.jpg,640,640,drowsy,278,58,455,421
212_jpg.rf.f7eeb51a7ea625e896be2ea5eddee391.jpg,640,640,awake,199,209,351,428
2372_jpg.rf.a10c550ce1ecc13ac6426b559023fdc3.jpg,640,640,awake,221,165,430,537
124_jpg.rf.05c3ee41021f51861e000bae27a682f5.jpg,640,640,drowsy,223,155,349,400
1202_jpg.rf.639944795a73484ffcb7d7a15faa5503.jpg,640,640,awake,371,115,536,473
343_jpg.rf.0c8e95c4681e0b6c3c07d236749cd9f6.jpg,640,640,drowsy,250,140,416,497
2343_jpg.rf.bd9ae7f1cdb12eb3596feba65f47a746.jpg,640,640,awake,288,80,449,473
8_jpg.rf.6f729a7cd9c465040e3ff75f286f0195.jpg,640,640,drowsy,249,155,387,450
548_jpg.rf.a18f10014d4f069e75713b8ea79dea45.jpg,640,640,drowsy,238,58,417,492
1319_jpg.rf.4a5a7fff382700f28ff984380d68484c.jpg,640,640,awake,255,133,410,474
57_jpg.rf.037b5dee54086fb114b532eee9adf425.jpg,640,640,drowsy,270,87,392,336
2001_jpg.rf.202dd013d1957d0c3208daa8b601748f.jpg,640,640,awake,284,153,453,488
578_jpg.rf.6f21cf526ab64ab70645559449e9619a.jpg,640,640,awake,278,188,429,500
112_jpg.rf.ff09feafb361d774963f0208ae7af520.jpg,640,640,awake,238,90,403,444
83_jpg.rf.af46a82178182dcf1b88636dddfb58ed.jpg,640,640,drowsy,242,108,411,491
2426_jpg.rf.3772e007140478c209f539a278b8514b.jpg,640,640,awake,225,99,399,396
638_jpg.rf.ca1801b512c5fd580666bfb25685e7b0.jpg,640,640,drowsy,191,96,365,523
659_jpg.rf.22097fed71f29b2c73b35de521a42a67.jpg,640,640,drowsy,263,148,398,439
1802_jpg.rf.b49d7a57484340ecf26c20240d996801.jpg,640,640,awake,474,167,595,464
259_jpg.rf.b9f0b125a822211d42e4b2c54f9935c9.jpg,640,640,awake,251,172,383,485
2371_jpg.rf.762a28ea012746ac24bd4bcbfa7eaaed.jpg,640,640,awake,287,139,478,518
1270_jpg.rf.a85257c453fa5786d96c512eb7b45785.jpg,640,640,awake,269,99,462,447
2537_jpg.rf.68323d2509df02cd3192cd524d810738.jpg,640,640,awake,254,2,433,406
898_jpg.rf.64c75b61dcc17c6f0491f1dd4fc51a33.jpg,640,640,awake,340,152,477,505
613_jpg.rf.774f6a771b1a8d54bf22b4308f3380b9.jpg,640,640,awake,227,176,387,501
512_jpg.rf.45d3d457fd4b905debf1ee8f16156947.jpg,640,640,drowsy,404,137,550,509
331_jpg.rf.8fdd9eeb5a2be46b970c19ea5010819a.jpg,640,640,drowsy,263,208,463,522
490_jpg.rf.ea8e7459b09d72c8edbccf5336b06596.jpg,640,640,awake,225,123,377,455
207_jpg.rf.09061366800868751dcebbd717663eb7.jpg,640,640,drowsy,199,140,390,552
525_jpg.rf.8316a4e62f92cb00350097afdff51b13.jpg,640,640,awake,286,138,414,459
866_jpg.rf.206dfab9285af26bf6c5c839170f9073.jpg,640,640,awake,312,64,490,415
2032_jpg.rf.f972359bbe968026eeb1f64e370dbaca.jpg,640,640,awake,297,60,501,474
397_jpg.rf.a15123e3291a52e8f8affd43af41e187.jpg,640,640,drowsy,263,165,400,445
1630_jpg.rf.e484a9e1a739e71d1ccef6487845bc72.jpg,640,640,awake,284,183,421,475
2004_jpg.rf.6eb0b4575503f21079ea181b13cd3b9f.jpg,640,640,awake,285,164,452,488
550_jpg.rf.558715b72cef2ff2dad643b872d7872b.jpg,640,640,drowsy,247,53,418,487
1777_jpg.rf.87bb3e742d71c974820080970e834363.jpg,640,640,awake,274,150,451,515
1567_jpg.rf.3781d0128cbf94228a3ec0e0fc35fe09.jpg,640,640,awake,332,125,500,433
1989_jpg.rf.ac6adeedd4b3db50a0b7ed23f267d053.jpg,640,640,awake,301,168,455,497
182_jpg.rf.5a3f3ea14841ddbc189dc2c54a1964e0.jpg,640,640,drowsy,77,99,250,446
2_jpg.rf.1f0b20c54fcf7ccd9b06dc93a4ffae0c.jpg,640,640,awake,333,94,488,464
679_jpg.rf.f0f79325b841d1fdc3c67888039537b6.jpg,640,640,drowsy,252,32,388,329
358_jpg.rf.3fb3c3854ffea505125ca44289314a34.jpg,640,640,drowsy,257,113,417,512
786_jpg.rf.394dafb0f89ebfab183ff76f75dd7e26.jpg,640,640,awake,254,115,410,466
29_jpg.rf.d2c7941ca753abfacb4886b903def922.jpg,640,640,awake,292,83,434,430
2514_jpg.rf.390ae669708998c944bf327b387cc405.jpg,640,640,awake,133,65,331,425
2408_jpg.rf.b01be906f7d750089736e05f24dc789e.jpg,640,640,awake,250,83,417,392
646_jpg.rf.d8784120c9aaff818913e8a98a36f6c0.jpg,640,640,awake,262,86,463,470
395_jpg.rf.bf3eb22210c6c8184bf487eb53605c46.jpg,640,640,drowsy,264,160,395,448
788_jpg.rf.8c47ee84ca79d2a0a067033bb3cdbb2f.jpg,640,640,awake,217,163,399,512
126_jpg.rf.dcb0b9ce78a6ca6285b2fee95eac4b92.jpg,640,640,drowsy,210,149,334,393
328_jpg.rf.e07ec6752923707eb9d7adaf322fb70b.jpg,640,640,drowsy,266,169,463,524
379_jpg.rf.3f583a95587c0e38aaeca6482ec31428.jpg,640,640,awake,224,152,394,476
219_jpg.rf.6eeb66a37731c8f10606527226081a1b.jpg,640,640,drowsy,285,188,460,536
643_jpg.rf.17a1cb2b037c33f81a61cb84c176c34a.jpg,640,640,drowsy,234,192,369,445
117_jpg.rf.019cdbb49972f9a0b0f3ca1ed867e42b.jpg,640,640,awake,243,100,405,449
1327_jpg.rf.67f7ad0080e0f70a7b6c9d1bdce71017.jpg,640,640,awake,181,116,365,456
2573_jpg.rf.9126f52ad82d51a938a50c7f59f67a70.jpg,640,640,awake,300,197,441,504
519_jpg.rf.5a980595280cbeacb818b275956ba59c.jpg,640,640,drowsy,273,94,457,515
914_jpg.rf.23258416b0bfebb140457c41ba2abf58.jpg,640,640,awake,259,143,415,451
40_jpg.rf.40ca2fed434c2041828788881fe49eb1.jpg,640,640,drowsy,226,95,382,400
714_jpg.rf.9b6e6f8fe469cbc5117a3fe1710a59ba.jpg,640,640,drowsy,228,8,413,465
2151_jpg.rf.d1603ffa47bbfa52ea0668332ebb9d45.jpg,640,640,awake,256,140,414,491
1044_jpg.rf.d958391616f29b27f9ee8b254ae282d1.jpg,640,640,awake,225,152,407,475
486_jpg.rf.27679a992ddd07e71692c94ad77e0639.jpg,640,640,drowsy,226,136,395,502
1874_jpg.rf.e9b27032386a3671b354aa68e0904a25.jpg,640,640,awake,342,113,489,449
755_jpg.rf.802d0225c5cc5a0906aa271a943ab87a.jpg,640,640,awake,272,163,452,518
185_jpg.rf.49174fb8fb14fe4d05f52797eb57430d.jpg,640,640,drowsy,238,151,398,503
273_jpg.rf.3ddfe4c5aa2d1ea61140946d46fba0bb.jpg,640,640,drowsy,262,148,439,534
2062_jpg.rf.35045d60bd7ca3d76c83ca5a39fa0f30.jpg,640,640,awake,220,23,404,374
90_jpg.rf.bc19a2c1ce4500d53f117fe223785834.jpg,640,640,drowsy,285,131,413,408
28_jpg.rf.c12834bbc2b807dbfec44e6a753cc095.jpg,640,640,drowsy,234,87,383,375
523_jpg.rf.6e7539d67607ede1e8c8669c432ca3ba.jpg,640,640,drowsy,357,136,482,442
396_jpg.rf.eaa2f783727c1d0ab3e18acaedc1dba6.jpg,640,640,drowsy,255,160,389,444
681_jpg.rf.8bed7c59cd5812e2d111b87e87ef4f9e.jpg,640,640,drowsy,261,36,393,326
229_jpg.rf.0ccfcc0d42251f048fb89cffffa280ec.jpg,640,640,drowsy,274,170,425,518
547_jpg.rf.85f5df0417e2158c475e7a1a8961c020.jpg,640,640,awake,231,80,383,456
601_jpg.rf.9a579d8225059a659c532f3fe5c4b610.jpg,640,640,awake,262,165,442,505
532_jpg.rf.d410a6f9686bf62d8d637ff0e3d178b7.jpg,640,640,drowsy,354,73,507,447
78_jpg.rf.d5a286dfa01f5bc7902e84c6ec21319b.jpg,640,640,drowsy,223,181,358,477
2574_jpg.rf.44b59cf4256c9b0db8cb8573a555472a.jpg,640,640,awake,214,212,416,524
2373_jpg.rf.640822d2ac6429eb649a9b200a820e2e.jpg,640,640,awake,301,167,491,531
830_jpg.rf.738943745138d93459b698c358df9817.jpg,640,640,awake,264,109,449,489
2254_jpg.rf.a0d8f358d14e5cda8f8c75e9fdeb6df5.jpg,640,640,awake,367,150,512,494
980_jpg.rf.8b7407c3c9ee525f61c869965a97973e.jpg,640,640,awake,299,196,442,492
728_jpg.rf.667361cd04c30f4e84df7f999dacaee6.jpg,640,640,awake,296,124,445,476
524_jpg.rf.eb029040de54c673810c7307a4a3440d.jpg,640,640,drowsy,342,111,514,542
209_jpg.rf.fc6258cf3f40ca064eb81188789f554c.jpg,640,640,drowsy,183,147,381,571
434_jpg.rf.4ef33cb54fc1dde822c71c57d7998074.jpg,640,640,drowsy,354,160,489,463
252_jpg.rf.e7f740d7bde7e21bcabd10657b39294b.jpg,640,640,drowsy,222,81,342,301
530_jpg.rf.46522f5674d392d5d856655ac9c1623d.jpg,640,640,drowsy,266,123,456,569
1362_jpg.rf.c44bddc60623c553412a3bd0775446e8.jpg,640,640,awake,226,58,420,422
201_jpg.rf.ae3ef64e2dc789ef4cc5392dca40e543.jpg,640,640,awake,239,230,372,449
482_jpg.rf.ec5911f09921b2622c8797bc30b3e8d0.jpg,640,640,awake,254,152,392,472
1449_jpg.rf.e21a39300babd7e11b152300a0f2de83.jpg,640,640,awake,364,144,489,437
196_jpg.rf.a47f90781cb480493835f3f43de82a84.jpg,640,640,drowsy,223,60,335,321
1689_jpg.rf.c5347e0ef3886bf77fda98b8697bfa54.jpg,640,640,awake,216,83,371,428
29_jpg.rf.36e5df0bfbab353f680b594c3a94b588.jpg,640,640,drowsy,226,83,382,390
109_jpg.rf.d0a1bdb5c0a86ffa7a62aabd8970bd7d.jpg,640,640,drowsy,142,64,306,484
195_jpg.rf.a4869c65e97fa18aff828296c137d3ef.jpg,640,640,drowsy,224,59,335,322
54_jpg.rf.36f72878fe28caeda2576c99308f038e.jpg,640,640,awake,197,34,369,413
211_jpg.rf.f540ade71719432f2ba6651def72dff1.jpg,640,640,awake,217,208,358,419
277_jpg.rf.8326ed9bcdc8d914dc57f10d278ad9a2.jpg,640,640,awake,80,3,293,358
2220_jpg.rf.61a42ae51ca468a651828dc7c3fa152c.jpg,640,640,awake,333,145,481,508
2092_jpg.rf.1e83021223f87dc8f04abed7203e6cc5.jpg,640,640,awake,314,107,452,447
712_jpg.rf.e17bb5d88b00f0f22e5ec7ae9bef0b19.jpg,640,640,drowsy,245,75,359,307
517_jpg.rf.2f2429ce3dfd2f4931d5bc32cc29113e.jpg,640,640,drowsy,272,98,461,517
2131_jpg.rf.8729e37f7b04b668954457470f5b8e41.jpg,640,640,awake,230,210,413,532
2499_jpg.rf.f28c3fe4d2781eedecbc6585121b1a41.jpg,640,640,awake,253,61,400,411
115_jpg.rf.d2243f30d586bb79b2a2dea665cfe503.jpg,640,640,drowsy,271,48,447,416
469_jpg.rf.87eff71599dd65728ca3b7f7b7007d00.jpg,640,640,drowsy,229,133,398,528
771_jpg.rf.9167ec555df05d73d6a4a056ae08dc09.jpg,640,640,awake,272,112,424,461
1611_jpg.rf.66986a7d622b6c6e9ef67faa83a9d271.jpg,640,640,awake,302,144,486,529
362_jpg.rf.edb0b8b21a7b6b0ed847ff195f8dd912.jpg,640,640,drowsy,327,135,478,502
451_jpg.rf.3601ebc0f87acedbd3a05a3692f51f25.jpg,640,640,drowsy,317,95,467,504
217_jpg.rf.25dd2b5618e830abb2a5ffea83abd3d7.jpg,640,640,awake,103,48,292,405
459_jpg.rf.66f599abcf948a66ca51b194ee4e2d16.jpg,640,640,drowsy,251,163,440,573
184_jpg.rf.6b0d66f57eae02172416b19f42807895.jpg,640,640,drowsy,71,116,247,449
115_jpg.rf.f5a2b7b4d4261060568f53412ad8990d.jpg,640,640,awake,245,97,406,446
312_jpg.rf.ef98be5215e9c4660c9333d6834f6b32.jpg,640,640,awake,308,156,436,482
1098_jpg.rf.c1ac6536ec0c24d9e1bf3b7c7489a74b.jpg,640,640,awake,273,199,480,505
4_jpg.rf.76ab77a836f1e8ab021b8c4e5a6807e5.jpg,640,640,drowsy,250,164,382,444
682_jpg.rf.4b5d4ec3837ab7bc41eb18d3cd038d41.jpg,640,640,drowsy,254,36,386,326
1963_jpg.rf.46df23230e2b67f316100a886433ff3b.jpg,640,640,awake,405,129,550,460
571_jpg.rf.b1fb43e8cfe2d7057aa0260b886903bf.jpg,640,640,drowsy,267,126,394,388
625_jpg.rf.507801eea7823a879f9b9d034c1f4a27.jpg,640,640,drowsy,300,43,487,431
253_jpg.rf.0664e99c5a490091ea297ddc7257a4ee.jpg,640,640,drowsy,224,73,343,298
1128_jpg.rf.3861e0919add67ad7a22397dc79d0133.jpg,640,640,awake,274,116,422,462
292_jpg.rf.4a9bae98e95b02b058e42545ae0b31f6.jpg,640,640,awake,255,140,447,523
487_jpg.rf.1a6d4ea21a5accacf84f12c3be7a5842.jpg,640,640,awake,218,143,375,472
24_jpg.rf.b120b193a84d7e3c23ebcbd06ff97469.jpg,640,640,awake,240,75,422,435
673_jpg.rf.faf64f665e3c70f8fe79f9afc21fbbcc.jpg,640,640,drowsy,258,11,443,430
662_jpg.rf.b7a6ca5baefda7902030fd5fc8bffa36.jpg,640,640,drowsy,254,4,409,413
330_jpg.rf.c6776f8d20c8556f9fad12611064620e.jpg,640,640,drowsy,266,171,465,537
318_jpg.rf.d8a10863f2b2995e206d2fedae7dc32c.jpg,640,640,awake,291,160,438,476
51_jpg.rf.611db11a9c5a47fa5023f9d08822fc14.jpg,640,640,awake,212,36,371,411
402_jpg.rf.d0a8c02eac9ecd6248a74209acfd3abe.jpg,640,640,drowsy,268,167,405,443
387_jpg.rf.f663d6ccf0c160143f0cd9cd0afd1dc4.jpg,640,640,drowsy,194,90,353,467
65_jpg.rf.c7b01ba63c83cfd62d291efaf8854f7d.jpg,640,640,drowsy,155,51,321,448
2621_jpg.rf.b627056a3a9048556be81d49d5667530.jpg,640,640,awake,265,3,463,406
219_jpg.rf.12602094df5f03cd156a056e44ff32b1.jpg,640,640,awake,165,43,321,402
854_jpg.rf.e297ceeaf370aa332c539c2cac428399.jpg,640,640,awake,283,116,447,464
500_jpg.rf.5d03b88c801d06be944ac84bf325f78f.jpg,640,640,drowsy,283,147,452,544
400_jpg.rf.cae5f91111e580bcb49aed437ae3e99e.jpg,640,640,drowsy,269,163,403,447
678_jpg.rf.9c8b58eaaef3f0b5efa5bcb7fd00ea5f.jpg,640,640,drowsy,250,43,386,329
2297_jpg.rf.cdf35f68581c6b26b0925283ba5780fd.jpg,640,640,awake,296,111,457,480
375_jpg.rf.104ad911dd279bc973e2625293842c74.jpg,640,640,drowsy,363,133,501,490
93_jpg.rf.a8519b330fa686063fddd5aa865db612.jpg,640,640,drowsy,279,131,420,414
484_jpg.rf.0a630b8e48c9038eda8dd36e881fe420.jpg,640,640,drowsy,268,190,407,492
488_jpg.rf.5a5c5799358fa3d088720a556337bbd0.jpg,640,640,drowsy,292,148,462,511
283_jpg.rf.bd1e0ad3d5b77eaaa868ad3acd906efd.jpg,640,640,drowsy,309,140,468,518
291_jpg.rf.c8b2cd00328af782f398db66ea6150a4.jpg,640,640,drowsy,268,104,453,537
1701_jpg.rf.399003405b05e71ea064c8cc3e1a2a24.jpg,640,640,awake,182,75,350,433
235_jpg.rf.c787ffa52e4e7050f9eba23b901b3131.jpg,640,640,awake,119,44,301,416
159_jpg.rf.5596aa14351e96027945cbd07b1cdf6b.jpg,640,640,drowsy,271,151,391,392
1599_jpg.rf.bc9cb7c5dddda3598f41695592199629.jpg,640,640,awake,321,144,495,528
214_jpg.rf.b7dea33fee4c87e66fb32bf649cd91ba.jpg,640,640,drowsy,199,176,357,521
197_jpg.rf.f8ae2fc3d1ed2f61de8d9f4a7573408c.jpg,640,640,drowsy,224,57,336,317
599_jpg.rf.25a5767e3c6e3d4cc83dcb1bc15346c6.jpg,640,640,drowsy,223,96,395,462
992_jpg.rf.fd992574832295406a43cef51d49f7e8.jpg,640,640,awake,295,175,461,477
2403_jpg.rf.e754f1c3987700e529b8654a47e02aff.jpg,640,640,awake,225,103,408,402
41_jpg.rf.e0a2f32ef93f2f84fec0afe4bdb3fccc.jpg,640,640,drowsy,272,81,423,476
1642_jpg.rf.a1a9da4509ce9c6e12e71ae282af642b.jpg,640,640,awake,283,192,413,472
2467_jpg.rf.e44d5c92f2574a9c932cbd81689a6299.jpg,640,640,awake,131,120,347,522
533_jpg.rf.dc2ddae8f1dbf722fd2573fbc98d5334.jpg,640,640,drowsy,362,69,515,445
652_jpg.rf.57bd1e0e1452a2c881d7c35f9ed60660.jpg,640,640,awake,275,128,439,509
231_jpg.rf.e22a8de0557c4bad34096c7a389ceddf.jpg,640,640,awake,123,44,303,429
315_jpg.rf.b288a78ec9bc00f28f52effd0efc6c7a.jpg,640,640,awake,217,155,418,504
473_jpg.rf.c1ccab87804b687fc62627e8b7a815f4.jpg,640,640,drowsy,232,135,403,528
1778_jpg.rf.e42a87663fc5d6ac40bc0bab6ff83f2d.jpg,640,640,awake,265,145,443,510
1203_jpg.rf.6014b82a4f823889c2ada9d72e3f3cc0.jpg,640,640,awake,349,107,526,465
1460_jpg.rf.8d73d753fe897d14fd216392178bd1a3.jpg,640,640,awake,335,99,507,458
9_jpg.rf.5bc2365fc9d130236c922ffeb7ae0cf3.jpg,640,640,awake,272,75,455,447
544_jpg.rf.3f4bd84dbb8ae265570d7ab3d0a9d399.jpg,640,640,drowsy,323,70,526,531
702_jpg.rf.25da65278d51f5db60c3384a59080616.jpg,640,640,drowsy,267,156,389,409
345_jpg.rf.52b1c81e39eae5fae64997673e12f492.jpg,640,640,drowsy,314,160,490,545
2549_jpg.rf.bcde6b3c8179bdbc8e0db23a4f6258e2.jpg,640,640,awake,177,107,355,426
498_jpg.rf.81f7c3f7ffe937474fefade0757dd8fa.jpg,640,640,drowsy,224,83,374,459
279_jpg.rf.feeb8fa4a51f4ca0bf826d41d13c15c5.jpg,640,640,awake,84,1,293,355
567_jpg.rf.ddfd162a5d98f013d82b95aa323e9e8f.jpg,640,640,drowsy,299,112,422,386
6_jpg.rf.da79a8c42061b2147dab0270e64dd2ee.jpg,640,640,drowsy,242,160,379,449
1318_jpg.rf.9dd465fbeb87cfdf9da16b106d3932bb.jpg,640,640,awake,240,125,400,472
446_jpg.rf.6c8bdb06293f7280ffdf794ea349a5bb.jpg,640,640,awake,140,182,379,567
164_jpg.rf.56d681947fb9cd518e0fa1dadd8a29be.jpg,640,640,drowsy,276,143,404,402
253_jpg.rf.f044a38733ff3f71f7eff5048e0fcd64.jpg,640,640,awake,236,185,384,508
558_jpg.rf.96e69b03390a75e92befd8d050d0cf36.jpg,640,640,awake,281,194,427,502
426_jpg.rf.46c24e2b7de6498c7102f1b2f6e1a162.jpg,640,640,drowsy,279,224,413,489
2534_jpg.rf.f56c5159e93a1040096abbf419c80acf.jpg,640,640,awake,244,1,428,405
1536_jpg.rf.893da81c727d048dd3efe964692709e5.jpg,640,640,awake,233,159,415,521
113_jpg.rf.1b2fe3f573911207a9c2797b1a897d29.jpg,640,640,awake,238,95,402,449
80_jpg.rf.ad00a453d6647c8c9c210f2ddd963565.jpg,640,640,drowsy,215,188,348,475
1544_jpg.rf.17d3465f067631bb95927be836b3fd48.jpg,640,640,awake,100,181,324,583
224_jpg.rf.b0505d57e9c13ed46bd3c9d5170e6e98.jpg,640,640,awake,126,28,303,404
1594_jpg.rf.9fdf6ec1d6542e864f83f26e2b581f94.jpg,640,640,awake,301,140,486,538
661_jpg.rf.581b1e1b810c59f03eac739ff102c8de.jpg,640,640,drowsy,250,5,411,434
631_jpg.rf.9b7f689c8436ea6fa9eeaecd6a771b98.jpg,640,640,drowsy,194,119,366,531
2221_jpg.rf.5aaade3de8fb09395ab561557010c7b6.jpg,640,640,awake,348,139,492,515
2250_jpg.rf.3ba187790808a4b0e2dcbda22b27db04.jpg,640,640,awake,332,202,507,526
142_jpg.rf.0890c080bebfe8a0e154dea3e4fe5b3f.jpg,640,640,drowsy,174,140,296,435
359_jpg.rf.95439945780da93ddf333c4f2b4897e4.jpg,640,640,drowsy,252,113,414,526
991_jpg.rf.69555758aacae83eda2743eda23112fd.jpg,640,640,awake,269,176,456,476
251_jpg.rf.be8191bfcf37831cc89ec9816a20e980.jpg,640,640,drowsy,234,69,433,491
403_jpg.rf.4da391e1ac1c51df820dd38cf29c749b.jpg,640,640,drowsy,267,167,404,446
138_jpg.rf.e9f828b94c65d949aeb1d3c1658a1645.jpg,640,640,awake,91,60,281,402
1450_jpg.rf.23943cb31895969f3c5d5794b518e538.jpg,640,640,awake,357,151,483,440
2604_jpg.rf.93a8a1979e73180685054f8117b57279.jpg,640,640,awake,212,23,406,440
8_jpg.rf.f802228404a91d6a018a1a012f8fbd40.jpg,640,640,awake,339,85,488,461
1122_jpg.rf.edbeb7f6433442e32352a65a6538227c.jpg,640,640,awake,219,118,401,497
347_jpg.rf.1740801b76e0fbff8d0989d054a1e6da.jpg,640,640,drowsy,309,153,487,538
2244_jpg.rf.bd26bdc346536d77b92783608c454ec8.jpg,640,640,awake,315,170,489,497
652_jpg.rf.2e27c8ef3acdf9ed56b8c956f6bc4516.jpg,640,640,drowsy,256,155,393,448
619_jpg.rf.1ce3ff5ebdceb8cb08640dd5ad9f95c4.jpg,640,640,drowsy,245,164,419,438
622_jpg.rf.fa292411b1f55e6adad83ee5695ce76f.jpg,640,640,drowsy,228,107,352,338
256_jpg.rf.397395a18e441ee28186ef417c0b5812.jpg,640,640,awake,237,187,383,504
30_jpg.rf.2af260c6daf81c2b2fe87dbadbb65ba3.jpg,640,640,drowsy,186,87,356,391
300_jpg.rf.2bc8b0ab236b9ee42ffb8300c5f21ab7.jpg,640,640,drowsy,298,104,457,506
136_jpg.rf.48f8ed5d5e32adaa27eb74f2f2386b09.jpg,640,640,awake,102,84,287,423
59_jpg.rf.f08ac56ed0ab754ea3f266e1340cb6b7.jpg,640,640,drowsy,273,96,393,347
592_jpg.rf.349c2f024e60435acb6f1ccb1e97d425.jpg,640,640,drowsy,337,148,480,518
696_jpg.rf.fa209fd0b6425d4c8f87ea08b88215d9.jpg,640,640,drowsy,282,163,414,415
698_jpg.rf.089368393bf9e3735b8d2f51b6f4a0a7.jpg,640,640,drowsy,289,160,406,406
411_jpg.rf.ae39f3128f5790dbe023ba5c3f51c65f.jpg,640,640,awake,202,170,366,527
2358_jpg.rf.e03b462e6744f4efefad17bfb481810c.jpg,640,640,awake,432,163,563,522
151_jpg.rf.d56ffb65f036a77f14ea07f3c284c47f.jpg,640,640,drowsy,247,158,380,485
280_jpg.rf.fb18a1dd62e7305c0c60b06561a4ce22.jpg,640,640,drowsy,285,128,458,523
1562_jpg.rf.7857cdb2e43a6bac66cab71b5fc2e683.jpg,640,640,awake,323,108,487,406
445_jpg.rf.2ea5cff59a61cce61ab32624d36c6d95.jpg,640,640,drowsy,322,128,496,539
267_jpg.rf.58ef0e7067100bcba84b3139a297d8da.jpg,640,640,drowsy,255,107,431,514
73_jpg.rf.ed00a6666f692ce4849db536bbd982ee.jpg,640,640,awake,104,92,292,464
437_jpg.rf.8f6fc96a85b79a3e699197aa731c6555.jpg,640,640,drowsy,352,89,510,497
2427_jpg.rf.74169620cb94a634fbf82bdbadcf897f.jpg,640,640,awake,220,105,400,395
176_jpg.rf.b7bdd5d7bcd8a5e33acbe55a6930ecbb.jpg,640,640,awake,260,28,376,402
152_jpg.rf.35da951c470cac51d7453c1420921882.jpg,640,640,drowsy,245,161,381,487
189_jpg.rf.8d575a0cf605ebc0a01d49494b628e42.jpg,640,640,drowsy,238,147,409,519
146_jpg.rf.e3c7a145418d7b6b81a64e6e2dee1be1.jpg,640,640,awake,140,79,312,453
645_jpg.rf.49becd513df0ccdf08122af04773de8b.jpg,640,640,drowsy,238,189,370,434
1509_jpg.rf.c9eea10117f5c34d4a5b609ef5f8d00d.jpg,640,640,awake,298,96,447,476
129_jpg.rf.79774768d896b087fa5e007299837938.jpg,640,640,drowsy,220,160,343,394
153_jpg.rf.7017e6553740510f47c78747d5f0fbdc.jpg,640,640,drowsy,267,148,389,389
51_jpg.rf.bf0938427ca40252193465f20e5339af.jpg,640,640,drowsy,189,28,366,414
1859_jpg.rf.b9c0af46fb488e15f3f307956df67833.jpg,640,640,awake,265,83,454,482
1324_jpg.rf.1e9e892ca0c6f8557a8c74b53e408ad8.jpg,640,640,awake,264,127,411,475
558_jpg.rf.4967f3a20a9e9c9d6f537e7607d29213.jpg,640,640,drowsy,279,207,420,487
1096_jpg.rf.cd74aa24a7eef2328432ddebb85d68c5.jpg,640,640,awake,247,218,459,533
210_jpg.rf.1a41d0606e75891ae2a2a2c1430b1b05.jpg,640,640,drowsy,226,50,389,502
1862_jpg.rf.b16c3e72d78577233a443cd8b92b1ccd.jpg,640,640,awake,340,115,482,451
104_jpg.rf.94813f9c522b330d012f22ebd5c71213.jpg,640,640,drowsy,133,70,299,470
423_jpg.rf.f97a635b6808b3e98f113d28cbfd95ea.jpg,640,640,drowsy,275,233,403,480
641_jpg.rf.eff241f221ff6fd1791d6b56caaaf951.jpg,640,640,drowsy,204,188,315,455
318_jpg.rf.fa7e1486c66b4b1952e3ee9fee2c5745.jpg,640,640,drowsy,253,167,401,486
602_jpg.rf.f97d5f67aa3fefaf5f7cbfaf29611909.jpg,640,640,awake,265,181,447,511
225_jpg.rf.f873b454c63f48ed1817334d96e92ace.jpg,640,640,drowsy,226,71,377,461
256_jpg.rf.ea6f2cc8f0f2102b1aac39772429e130.jpg,640,640,drowsy,212,62,327,293
2093_jpg.rf.2603e0af2c6c66b39e886fbcce7ef7da.jpg,640,640,awake,314,108,453,448
1648_jpg.rf.716b92258d85b6359320b8b62bc510bf.jpg,640,640,awake,251,171,444,546
84_jpg.rf.535b8ddabcc05a08c27d555bf3a2f5e4.jpg,640,640,drowsy,245,107,414,489
1851_jpg.rf.24e23d0bd82b598b6c363888d99a7154.jpg,640,640,awake,260,89,452,475
1711_jpg.rf.36f4292c322daa25a2f1ed8182d57de7.jpg,640,640,awake,286,142,451,531
1852_jpg.rf.76fb0250dbe64608591d5b5bd485d8de.jpg,640,640,awake,253,88,450,470
1964_jpg.rf.492af3b8852dffd3094ba6ee64c3608e.jpg,640,640,awake,339,87,518,434
56_jpg.rf.02f2830eae4ca9a95be0f4329be28af9.jpg,640,640,drowsy,263,87,388,344
2518_jpg.rf.2cb59deb8ae845edccfb4f7443778a8a.jpg,640,640,awake,182,68,366,413
1028_jpg.rf.c7103c5351663bc3d69e932bec71f2f4.jpg,640,640,awake,246,185,420,499
1596_jpg.rf.27e372573f1aacd08c26708f27f49c9a.jpg,640,640,awake,258,137,462,543
664_jpg.rf.c9121e4eb393d7bc4727e9dc42539f73.jpg,640,640,drowsy,179,48,362,406
700_jpg.rf.95dbc6d19ab80bbc5226dcaa4ad8fc71.jpg,640,640,drowsy,285,163,401,405
540_jpg.rf.469cd7f2ac28ab7cf620879691dceb2f.jpg,640,640,drowsy,316,144,465,509
380_jpg.rf.933c1a6cfce0493db393555da3a50d9f.jpg,640,640,drowsy,340,69,501,506
314_jpg.rf.913a8db1e14e19396e246b5357048521.jpg,640,640,drowsy,229,213,398,495
1369_jpg.rf.b584da896dd3da1e773d0cc1ed08cb82.jpg,640,640,awake,248,64,434,420
463_jpg.rf.01879b97e209a7f65ccd9f4c5a4139e5.jpg,640,640,drowsy,247,168,437,598
265_jpg.rf.20a3d5db5ee52f06b534034bbcd2c780.jpg,640,640,drowsy,233,100,410,508
668_jpg.rf.ec68b797e9ec71cc7554eab8a3109423.jpg,640,640,drowsy,172,27,345,372
2341_jpg.rf.346b0a6d30ab25c971ff322217ed0a76.jpg,640,640,awake,269,80,441,475
575_jpg.rf.94612de267e38f6972c5c489ad8435e8.jpg,640,640,drowsy,309,101,460,462
247_jpg.rf.a0ae2bc5dbe242bd3df0a65e7870e93e.jpg,640,640,drowsy,260,68,452,484
489_jpg.rf.19265f467b0c8eac053a015a54f0a2e3.jpg,640,640,drowsy,268,139,423,505
546_jpg.rf.b954da0448a8cb5cfae051598902f414.jpg,640,640,drowsy,332,64,523,520
239_jpg.rf.25aff6c3e12c36e950438b19f639bc8c.jpg,640,640,drowsy,231,165,393,512
2010_jpg.rf.88aa22eb97cc9b0a664db183f244bf29.jpg,640,640,awake,273,49,493,474
704_jpg.rf.7030cec8c1b98dba100496c03d4abec5.jpg,640,640,drowsy,277,122,443,540
162_jpg.rf.5089708fcb2f9ffa7cba8e96c7fb516f.jpg,640,640,drowsy,304,144,434,373
1131_jpg.rf.d254dd7d3c388d4f4e023ecbcb01c064.jpg,640,640,awake,273,171,431,517
277_jpg.rf.e43f3c5ae4b3a8c21e03e36cce7bc30c.jpg,640,640,drowsy,262,103,419,486
47_jpg.rf.e4cdacafea953c4f05ba90924974ef8e.jpg,640,640,drowsy,189,23,363,417
79_jpg.rf.f6e872ac7e10d2d2eefbe920e6a9e8b9.jpg,640,640,awake,127,103,304,455
509_jpg.rf.77fbda4dc30d78975b6e6997844cc205.jpg,640,640,drowsy,251,143,438,533
123_jpg.rf.8687a883579b06e0e3266b054d4129f5.jpg,640,640,drowsy,237,152,361,409
470_jpg.rf.6fef5bf61ef48bd4971dc4f517a889ce.jpg,640,640,awake,211,73,390,489
94_jpg.rf.ce4cbca634ce2a8c04411b1b91908615.jpg,640,640,awake,313,195,394,425
577_jpg.rf.60d23dfd9e7f3807de45767874dfa738.jpg,640,640,drowsy,244,158,398,533
1899_jpg.rf.5ed2d0f860de15823a9380a7bea2d6d6.jpg,640,640,awake,350,83,501,469
317_jpg.rf.c93354e1464995884ac5d7f599496d48.jpg,640,640,awake,261,167,430,493
35_jpg.rf.9aba8cd04e0306b2c2c574a4a51e7115.jpg,640,640,drowsy,223,88,376,395
687_jpg.rf.a0ca75206e74d4017c00a2dffc3e5a1f.jpg,640,640,drowsy,247,36,382,330
1738_jpg.rf.712d99b3d627e7fa341848f61d7cd3c5.jpg,640,640,awake,296,145,476,517
2607_jpg.rf.638411a2d0e95b1537581de8f09498fe.jpg,640,640,awake,210,1,388,326
208_jpg.rf.73f418e5b8e552bc7e7c20adaad56e95.jpg,640,640,awake,250,223,381,453
648_jpg.rf.b79f7487b033f0ea5889c376d5691333.jpg,640,640,awake,259,112,460,486
284_jpg.rf.1a16037a81931212258e31e6eb14d3eb.jpg,640,640,drowsy,270,104,446,523
1804_jpg.rf.6ebe1cf8cbaee35e0ec9c656ea0d36db.jpg,640,640,awake,379,159,531,482
623_jpg.rf.5c5c6111ac505f7c2da928735acaff49.jpg,640,640,awake,249,192,401,516
378_jpg.rf.89ea192c921340b2f958a570968e847b.jpg,640,640,awake,224,157,395,477
1367_jpg.rf.ee151abdfd78ffe177a92bbeae5692ad.jpg,640,640,awake,224,63,417,421
404_jpg.rf.7883513413a2bf753136415a131c49a1.jpg,640,640,drowsy,269,164,406,445
1543_jpg.rf.d4fa9df8311eaa434a78ccc796618ce9.jpg,640,640,awake,178,196,371,587
55_jpg.rf.fe7837d2c1dabb02bd45a46ace3ae01d.jpg,640,640,drowsy,279,96,402,350
2200_jpg.rf.1972354b5151b8bad35e0b4d070c0f2c.jpg,640,640,awake,320,136,518,479
452_jpg.rf.a29f478b6240d1fcf12872ab0cd31f99.jpg,640,640,drowsy,231,167,424,597
149_jpg.rf.708b1c34086179ea3c1e07bbc71db079.jpg,640,640,awake,84,72,286,462
1880_jpg.rf.71f195e85b821a34eba847c486a2765a.jpg,640,640,awake,342,125,489,464
255_jpg.rf.5dc3ceb55ec9664d55e0fdfcc17d23ee.jpg,640,640,awake,235,186,386,503
2462_jpg.rf.e5422d32a1787faf342a2db01ab2c52b.jpg,640,640,awake,175,94,363,499
209_jpg.rf.4bc4a2c2adb8d80ef252fdbfed24ea68.jpg,640,640,awake,271,197,396,416
114_jpg.rf.3e0faf791fc2273fa176264dd8e7c468.jpg,640,640,drowsy,278,59,454,423
177_jpg.rf.d0265aad0d613474cddcae1bc3497548.jpg,640,640,drowsy,55,85,235,442
375_jpg.rf.1f55553fb8b0e9658dd631c01e6d12fc.jpg,640,640,awake,223,160,394,477
2016_jpg.rf.046aeab89b5d81a174972362b7cd9d92.jpg,640,640,awake,303,58,510,484
108_jpg.rf.7c1051d459b926acc7ff00e4f57143fc.jpg,640,640,drowsy,138,68,305,483
722_jpg.rf.a861b2a9d6f597c3df0c7dde39ed1a68.jpg,640,640,drowsy,203,93,359,416
338_jpg.rf.fe8d7ce2985d803705c14dc1ba67970b.jpg,640,640,drowsy,256,161,417,512
1948_jpg.rf.e808293c292d634efe8c7bc619192207.jpg,640,640,awake,322,92,487,442
319_jpg.rf.2de2161a3eb7ac21f8525832dce4115b.jpg,640,640,drowsy,248,194,397,484
281_jpg.rf.b395b9d36cc32163454e2401247a55b5.jpg,640,640,drowsy,295,128,461,514
604_jpg.rf.76b0bfa0d11f6b2318b51bc3fe23cea0.jpg,640,640,drowsy,298,108,462,522
2410_jpg.rf.73f28817eb0357c5b135f2a139021b10.jpg,640,640,awake,161,91,363,400
490_jpg.rf.02c65566ebed0d454cee8e2e97deb527.jpg,640,640,drowsy,265,131,424,506
684_jpg.rf.f8cd7419c794563fa87511f2833430cb.jpg,640,640,drowsy,228,40,370,326
2071_jpg.rf.522f358d8b7cee94e5acf9012d47ba52.jpg,640,640,awake,328,69,500,446
1334_jpg.rf.19df8c3543659e28af74003382c0bb8a.jpg,640,640,awake,223,107,380,447
464_jpg.rf.f912400e3bf0a6cdbb4ced2b7bee3f3f.jpg,640,640,drowsy,355,144,495,463
305_jpg.rf.c410b8bb6cde4600e2c21ec543206e69.jpg,640,640,drowsy,262,96,423,438
372_jpg.rf.c44fe5c6291bc7960d62cf13b63dae73.jpg,640,640,awake,225,155,396,475
438_jpg.rf.bfd16c55d16159ce1305c9bb6416355b.jpg,640,640,drowsy,335,91,499,497
1911_jpg.rf.28f1838b5e53ff768d94581ce000430f.jpg,640,640,awake,297,132,441,477
588_jpg.rf.6b941fae9b33069f0da3bc172426102a.jpg,640,640,drowsy,272,111,468,481
1246_jpg.rf.561d77e2cb7422da7e2ce74bcbb23e53.jpg,640,640,awake,243,118,382,421
581_jpg.rf.5e55bca9cf1dd628666aa3734e8c2cc5.jpg,640,640,drowsy,209,189,395,551
27_jpg.rf.be41a7f336d1d6245baa9e690fd19c67.jpg,640,640,drowsy,232,86,386,388
333_jpg.rf.37831b3389ecbeb8e20a974c76886ce1.jpg,640,640,drowsy,279,196,463,525
571_jpg.rf.d982e1ad978d1258170876a047727647.jpg,640,640,awake,267,197,427,506
2409_jpg.rf.33d33ff14af83260ab6140d4546f9881.jpg,640,640,awake,220,73,402,401
339_jpg.rf.6e99d133af46aba2ea304e12cdc9b984.jpg,640,640,drowsy,254,144,421,504
1034_jpg.rf.08b3c2aa44603d710061790adc0afa79.jpg,640,640,awake,249,194,426,501
199_jpg.rf.615a906da68d9bf0e7208f2380215dd3.jpg,640,640,drowsy,193,128,359,558
468_jpg.rf.f0d820c83a5d529218685d09473085ee.jpg,640,640,drowsy,229,134,402,532
551_jpg.rf.5d4bd584559b167b5c3fb4d3ffff5cf1.jpg,640,640,drowsy,239,47,419,460
2059_jpg.rf.42e4fe2cb8e3703afa08fd26a53e3840.jpg,640,640,awake,265,19,414,375
436_jpg.rf.396c7a1217cc04b03fc02c88d6d1a682.jpg,640,640,drowsy,340,106,505,486
671_jpg.rf.04db386f881272599ca3d7a71c5cf5cf.jpg,640,640,drowsy,266,93,407,381
139_jpg.rf.030f0c1fbfa09902486202b18f404b18.jpg,640,640,drowsy,182,133,298,429
348_jpg.rf.dd368f4a53c6f9ee7ce7a82f9fd0b4c9.jpg,640,640,drowsy,324,137,503,523
507_jpg.rf.c5bdc81932c38ca9464dbbe73b22035d.jpg,640,640,drowsy,341,160,503,540
2404_jpg.rf.973604fdd48ab740e76f57ad42b930b9.jpg,640,640,awake,218,75,406,405
2252_jpg.rf.775ac3df9b969272a5fe66b35bff61ec.jpg,640,640,awake,319,177,482,521
1067_jpg.rf.26cf4062ceba4cb42e505963ab1533c3.jpg,640,640,awake,255,220,471,529
148_jpg.rf.b45c79ee8c8e59648ca6950ae5f5c939.jpg,640,640,drowsy,234,143,376,471
1652_jpg.rf.14b1c2330fe6cb757d0e2d31875ed6ba.jpg,640,640,awake,289,133,456,492
615_jpg.rf.7110dcb195040e7df58eb0bf298208f4.jpg,640,640,awake,224,172,385,505
976_jpg.rf.12e4c4c678feed2fe3bdd338665d2603.jpg,640,640,awake,250,179,418,486
1031_jpg.rf.e681415547143d4f770cd57eb481cece.jpg,640,640,awake,251,177,423,497
2580_jpg.rf.80eb4fdc20d3d6f293f54bc15f6c6ae7.jpg,640,640,awake,265,208,436,510
18_jpg.rf.d5b0bbceac676bec1348d525895747ff.jpg,640,640,drowsy,249,167,384,443
2479_jpg.rf.d26f245b9400c80989304e431d99ae08.jpg,640,640,awake,253,1,414,401
116_jpg.rf.454d09be1f34b4ecfd249c87848ea678.jpg,640,640,drowsy,278,53,456,424
582_jpg.rf.a30b1db4824e1e0022388673ffb95dfa.jpg,640,640,drowsy,195,172,382,528
2433_jpg.rf.e7492363d141235dde5bbfee2f0e3c4b.jpg,640,640,awake,258,65,466,489
48_jpg.rf.036000cb403cf529b703031d6d089e9d.jpg,640,640,drowsy,184,21,362,417
285_jpg.rf.9b8784c502573e478aaa84886c6ee940.jpg,640,640,drowsy,273,96,451,531
424_jpg.rf.492f35de5b7f5fa0f140553a0ae4a0d3.jpg,640,640,drowsy,271,224,404,492
257_jpg.rf.56e6072cddfe789ac9bdd3f4bc634247.jpg,640,640,drowsy,212,60,330,291
96_jpg.rf.dbcaaf9bd119891ee9f560ecaded7506.jpg,640,640,drowsy,194,144,332,412
614_jpg.rf.5e270f94eacd47ec10ce589ea96d8430.jpg,640,640,drowsy,230,128,404,420
7_jpg.rf.e0c92457c64df55c65eaad93f126b429.jpg,640,640,awake,355,88,504,465
778_jpg.rf.4bed5c4ab04efcd1207f0be9a1d836e6.jpg,640,640,awake,291,131,426,464
99_jpg.rf.df4cacda61e35d27596707c74effa708.jpg,640,640,drowsy,139,72,306,477
326_jpg.rf.09c00c3481e962b26455a37aaeac40a0.jpg,640,640,drowsy,241,236,402,534
683_jpg.rf.7573bc39ebd5b4d24cd275326ca811e4.jpg,640,640,drowsy,253,37,386,328
206_jpg.rf.db0a7e8bae976ce9a51102174cc5bc71.jpg,640,640,drowsy,192,132,384,572
561_jpg.rf.56a7eda79c5ca5b29bdaaaf6a7cf9c47.jpg,640,640,drowsy,341,66,506,470
605_jpg.rf.e9b41905daa006414e8265c21d0fb6d5.jpg,640,640,drowsy,308,96,462,514
1771_jpg.rf.c137222bed8948373fbf6ba45b8f6a1d.jpg,640,640,awake,261,155,441,512
2283_jpg.rf.e309be5b7b878a1c47e59a162317b05b.jpg,640,640,awake,284,80,461,493
1937_jpg.rf.7168115e36486faeaa25ab76cb89ab66.jpg,640,640,awake,311,71,474,426
689_jpg.rf.faea576231ac1790cef6164ff07587cc.jpg,640,640,awake,241,140,387,460
2132_jpg.rf.0360e0c3495e0ef23e52776c144536eb.jpg,640,640,awake,262,206,427,527
2299_jpg.rf.1c90e4de4b0e6b8f3e0dfbdf422c113a.jpg,640,640,awake,299,116,455,484
169_jpg.rf.3c1c280806d298c4a5d03a72d1c7d2ba.jpg,640,640,drowsy,231,123,422,496
467_jpg.rf.96b5a102e875f7d013b0b15eebb1de2a.jpg,640,640,drowsy,356,165,516,495
79_jpg.rf.af8b88b45a7ebe86df8ca395cce56aa8.jpg,640,640,drowsy,230,175,354,465
1714_jpg.rf.cd8a59c9a77de9bcba23570c4081f23b.jpg,640,640,awake,283,139,431,501
2589_jpg.rf.6f1f8b24e1fbad0d45c5dcf8bec15547.jpg,640,640,awake,216,25,402,434
931_jpg.rf.8029e4eb0d74f59009de767f4d44ab9f.jpg,640,640,awake,327,183,456,456
1357_jpg.rf.ae23f42ee1df797429720b264f801099.jpg,640,640,awake,237,56,432,411
304_jpg.rf.db82a749b9d49a4f90511a3eb69a019b.jpg,640,640,drowsy,263,93,436,458
92_jpg.rf.200b4e8cdd278ed4204af3697ea60dd4.jpg,640,640,drowsy,281,133,418,414
2476_jpg.rf.957562a0d336b3b863de33c56c9ed96a.jpg,640,640,awake,134,1,339,393
708_jpg.rf.07545e2608be58fe58bd8da7bc73ef2f.jpg,640,640,drowsy,238,68,354,298
514_jpg.rf.e3b544898dbe9a70bd259526f563cd5f.jpg,640,640,drowsy,271,91,442,499
266_jpg.rf.47263ef7985fbe522799858b06037f3d.jpg,640,640,drowsy,234,96,408,491
2259_jpg.rf.9661f7428390fedd72639b99b1991173.jpg,640,640,awake,320,174,484,509
699_jpg.rf.23586c4cd5033659ac30e8c6b5ce7af7.jpg,640,640,drowsy,291,163,411,415
246_jpg.rf.522300fb797cbc97e495657994d4aa56.jpg,640,640,drowsy,249,160,379,422
221_jpg.rf.6022b114a9865880a8ed49192ac57fe5.jpg,640,640,drowsy,224,55,378,474
356_jpg.rf.b14ce55c3603c990c45cbf721e1d558d.jpg,640,640,drowsy,297,175,492,535
471_jpg.rf.5fb8b35982c38e7f4be7bf5a863ee171.jpg,640,640,drowsy,227,132,399,529
160_jpg.rf.b4b2de16823dcfb86e0746e19ba98bde.jpg,640,640,drowsy,283,144,406,386
450_jpg.rf.1f92a63fb53b23e150b294b2208aa093.jpg,640,640,drowsy,317,91,466,506
2588_jpg.rf.36ef9e7cc2773cfdf93e24fa2e27a2c2.jpg,640,640,awake,154,23,378,430
504_jpg.rf.9c677293725fa55181c12f7bf124f2ff.jpg,640,640,drowsy,336,140,502,538
2201_jpg.rf.cef43f6f03928acd8a41dfb3cbf80df5.jpg,640,640,awake,326,124,514,462
206_jpg.rf.b2ade6871d727b2a036dfdd0e71ca064.jpg,640,640,awake,250,229,376,456
466_jpg.rf.a6ff83eb57f91563722bd67c1525b082.jpg,640,640,awake,194,77,378,487
2572_jpg.rf.896aec42bf008377f9be7aedc039af1b.jpg,640,640,awake,245,212,424,514
1647_jpg.rf.167ce2bb5e3c75ce6b9426773fdd8cfb.jpg,640,640,awake,264,189,404,473
154_jpg.rf.d89367b566c71450210693d53e9bf974.jpg,640,640,drowsy,273,148,391,391
1282_jpg.rf.25d86f7267d3fbc8a72dd655ca5813bb.jpg,640,640,awake,300,80,477,447
1356_jpg.rf.1fa08051cd7b3e878196bf800925925e.jpg,640,640,awake,302,69,445,411
1706_jpg.rf.345cb52f3e4da8e3df778e37ee73775e.jpg,640,640,awake,257,132,434,520
1117_jpg.rf.8d0dd7e9bda2b3db9741047f02967446.jpg,640,640,awake,227,115,403,508
1966_jpg.rf.f87094487ebb5b5a7385adac71a30fd4.jpg,640,640,awake,360,77,529,436
573_jpg.rf.f262dda7646ee50f9212f76ad0d3020a.jpg,640,640,drowsy,318,111,467,467
1003_jpg.rf.42c8d5c02cc7b1a36da8800e76c62fdc.jpg,640,640,awake,257,200,449,479
103_jpg.rf.1cf65779c8593bb031f64a2cb5bc4bbe.jpg,640,640,drowsy,134,69,299,474
612_jpg.rf.acb5e486baf9ea29a896edc0599022e6.jpg,640,640,drowsy,335,80,480,493
492_jpg.rf.542c31d39872a20903136e56215a9b8a.jpg,640,640,drowsy,250,128,408,478
1763_jpg.rf.2e7ff228ab00f133bfd1b8cc6e2a6e3a.jpg,640,640,awake,274,139,448,499
1114_jpg.rf.2ce84a5842c9bb7604dd437014a6d4a6.jpg,640,640,awake,240,125,406,513
551_jpg.rf.c61f413e964bd3cae372cf108ac45d19.jpg,640,640,awake,220,92,381,463
595_jpg.rf.a1e31a7f682485501eef908b8cd6ca50.jpg,640,640,drowsy,312,177,473,492
450_jpg.rf.b0e173e7bc5377b34a2ecd46bc30b1a6.jpg,640,640,awake,194,177,389,551
587_jpg.rf.d1e38ffd642848a4e59c7dda27de41f4.jpg,640,640,drowsy,246,105,454,487
2516_jpg.rf.c78f0c675f274866bfe4af851b7bdb1f.jpg,640,640,awake,174,59,364,409
617_jpg.rf.30c01fb23c7e40f8dd11099aae1f5b7e.jpg,640,640,drowsy,209,111,385,419
2067_jpg.rf.e214466aa9393870b1a6b8433ef4962d.jpg,640,640,awake,328,73,504,444
271_jpg.rf.745750b7829e023d898d2a8831c0f3d8.jpg,640,640,awake,130,1,323,337
363_jpg.rf.b9ae1023243bd3407450852d162bf9ed.jpg,640,640,drowsy,317,128,469,501
282_jpg.rf.4b9c690a29ed2b8c66b19e7427360aff.jpg,640,640,drowsy,309,133,463,519
243_jpg.rf.92e51a8a7c2b3e0bb7a4df7456bc6036.jpg,640,640,drowsy,239,158,372,429
2571_jpg.rf.56e86b6410bf8bbb3ebf2905b040bf26.jpg,640,640,awake,248,180,426,511
483_jpg.rf.8f11744d81f03ad19be8105809ea1360.jpg,640,640,drowsy,263,197,403,487
576_jpg.rf.6c518fc1f6979169d0590ddc13341b9e.jpg,640,640,drowsy,251,154,404,533
144_jpg.rf.6f744db187b227c0df2cd42402d08f79.jpg,640,640,drowsy,152,156,299,452
1867_jpg.rf.3dcc3e1510acb44a8fcb8d3185d34428.jpg,640,640,awake,356,112,497,446
2251_jpg.rf.ed7e690faa4ab5b9613afda09841c239.jpg,640,640,awake,341,183,508,526
25_jpg.rf.dd852d03823795ba86147aa1da8a0a60.jpg,640,640,awake,235,67,429,441
385_jpg.rf.1c6a5e8a1eb710169c0804b9a33477b8.jpg,640,640,drowsy,265,120,407,500
527_jpg.rf.fbcd92d7ca32996cd7489e0e8a4ce948.jpg,640,640,drowsy,390,107,558,547
557_jpg.rf.65e24293fc3e964712a59db868d498f6.jpg,640,640,drowsy,276,201,418,463
428_jpg.rf.8b76bc78242c7ecd7bd9bc205b6dbd9e.jpg,640,640,drowsy,281,144,416,505
2584_jpg.rf.c468fd10b783acaabfcdae9bc5b9bafa.jpg,640,640,awake,217,36,401,430
211_jpg.rf.f24b6c959573e3c7604caa98f27c3959.jpg,640,640,drowsy,222,44,392,511
312_jpg.rf.92e30abe706cccced3615c8665c438d2.jpg,640,640,drowsy,263,132,414,492
481_jpg.rf.2314bd93abf853af7d3e43251ac35362.jpg,640,640,drowsy,229,125,396,511
1803_jpg.rf.bee604a5bbbd5ef49aabbbda7fe593a4.jpg,640,640,awake,364,158,526,486
290_jpg.rf.13aa1afe71bc97356dd764bf5e91e258.jpg,640,640,drowsy,274,97,453,529
278_jpg.rf.bf58ba8dd8f57d22310040488b5d953e.jpg,640,640,drowsy,267,107,418,489
120_jpg.rf.7b59ccaa58166fff82655bc55e8937e4.jpg,640,640,drowsy,295,64,466,433
1008_jpg.rf.8364819d7a3e5e10cec38542ed9d1a29.jpg,640,640,awake,245,172,417,499
440_jpg.rf.7fa8229900e831883618fb656f2f8e00.jpg,640,640,drowsy,340,79,502,474
181_jpg.rf.12a1eede08d1abe8ec232efda16fd45d.jpg,640,640,drowsy,75,91,248,437
342_jpg.rf.472e22d93bb80c7d9cd377ed8426f611.jpg,640,640,drowsy,258,130,420,508
289_jpg.rf.f7d91e6829151a27ae811d5a478d709a.jpg,640,640,drowsy,289,96,468,547
1_jpg.rf.d56e6ca6d6fef4e4e46e7daa33f1fdf5.jpg,640,640,awake,334,101,500,468
1507_jpg.rf.bcaa0bce1b2d1f432c3e1a31f4e43b0e.jpg,640,640,awake,299,101,450,476
1139_jpg.rf.3a63852871d77c2c88a4e61728dfed50.jpg,640,640,awake,286,148,432,501
529_jpg.rf.991226b8cebdc757e34cba24d2b024f1.jpg,640,640,awake,207,131,389,475
352_jpg.rf.3e210c26b9049aa9c85a6a9090f7e0ba.jpg,640,640,drowsy,381,182,513,515
1503_jpg.rf.58f0f8a67a86be8b9a6c4b68fe78bafd.jpg,640,640,awake,290,91,444,475
1931_jpg.rf.4ada0ea3d2264140118722aa69cd2b06.jpg,640,640,awake,266,146,419,495
2160_jpg.rf.69b01ce1fedc114dec7a10282c8d5de7.jpg,640,640,awake,277,136,430,486
538_jpg.rf.13e5971b7556e3b16e14e1a5a1af8b0a.jpg,640,640,drowsy,293,133,454,497
135_jpg.rf.ac76846ed118dbe72892ac7e804bbf93.jpg,640,640,drowsy,240,222,371,455
554_jpg.rf.0d31b345a17d0e9c12f5dd7a70d631e1.jpg,640,640,drowsy,230,49,411,471
36_jpg.rf.d15fe322995697c3c205067a249da883.jpg,640,640,drowsy,220,87,379,406
1046_jpg.rf.84d977133d04818dbc2ee1c40aa309a0.jpg,640,640,awake,226,143,412,479
472_jpg.rf.b50ce4616264d5db7d83efc998634bf2.jpg,640,640,drowsy,231,134,404,526
1870_jpg.rf.0819eb67333c33871c0d51eef4c78ef0.jpg,640,640,awake,350,119,498,459
477_jpg.rf.d88670d75d23e26bc46fa45a0b88dbc6.jpg,640,640,drowsy,222,118,389,518
568_jpg.rf.18dae744bf53d1be6a4424f47a2d952f.jpg,640,640,drowsy,307,117,438,380
432_jpg.rf.3ee5de583af7ec953899eca3dd900826.jpg,640,640,awake,217,171,374,528
572_jpg.rf.12e8afe7440df9cfe2cec5a3af29e1af.jpg,640,640,awake,297,204,432,507
42_jpg.rf.ec244489da3b88f3b44ea42934f7d56a.jpg,640,640,drowsy,293,85,436,475
675_jpg.rf.72d93aa27e01108ba97a278314ac18e0.jpg,640,640,drowsy,275,9,454,426
37_jpg.rf.8dbc53155512072a7c2dd7dfe951061c.jpg,640,640,drowsy,228,89,383,392
250_jpg.rf.aed24e475828a4286bfc89d434f8b62e.jpg,640,640,drowsy,260,56,450,486
457_jpg.rf.b50ce4fea1ef7a195bf739607fce7187.jpg,640,640,drowsy,240,192,429,595
1332_jpg.rf.88ca69b9ab4357fe417da6e1f0beee37.jpg,640,640,awake,222,123,382,464
279_jpg.rf.0b23969059147e1109f1979cfaa2d227.jpg,640,640,drowsy,275,128,448,518
1116_jpg.rf.44064ce5c88a4ff7e1213d123481e78f.jpg,640,640,awake,225,116,404,515
1411_jpg.rf.fee6cd409708547ebe4002f7ce2399f7.jpg,640,640,awake,261,127,431,465
1320_jpg.rf.76116dff08d756733e6e7bf2de121d4a.jpg,640,640,awake,272,132,419,474
579_jpg.rf.2d66165687b452f7a196c042dad119ad.jpg,640,640,drowsy,248,144,403,521
95_jpg.rf.504e6f88f71d70087becb1902d3cd9b3.jpg,640,640,drowsy,201,140,336,413
573_jpg.rf.57194c9cdd7c42a2c54be5a9bf050bab.jpg,640,640,awake,297,193,430,495
612_jpg.rf.2cd0a4ab546a07ec6a00bc21531a1740.jpg,640,640,awake,249,191,441,517
2407_jpg.rf.891c73b85f8ea85ebc466aae9fe37ce2.jpg,640,640,awake,226,67,403,396
175_jpg.rf.d2f447147eec4d8f5a847a82c99b1b5c.jpg,640,640,awake,191,28,373,406
853_jpg.rf.3347b9a8ea9e4bd8436c4cbcc81fc6b1.jpg,640,640,awake,273,117,446,464
257_jpg.rf.d5fb3b548a527f8f6b4c38701ed9dd0f.jpg,640,640,awake,232,168,378,486
340_jpg.rf.25075a7eb103233f34b4e309466c04fc.jpg,640,640,drowsy,255,133,419,510
166_jpg.rf.6dbb1a98a6ebd76f84d3dc2e8fa95efe.jpg,640,640,drowsy,252,89,454,505
447_jpg.rf.76970081ff82bfccfa71734941e739c5.jpg,640,640,drowsy,313,119,493,545
1629_jpg.rf.853efac45ea2982e55100a91612853f6.jpg,640,640,awake,282,192,426,473
260_jpg.rf.861dea851bedfdf786cf28db90ffc656.jpg,640,640,drowsy,210,69,331,299
314_jpg.rf.1de0fceede8769f20c98cfefa2309d99.jpg,640,640,awake,204,123,413,489
39_jpg.rf.35a4162f81dd33f7047626c77587fac0.jpg,640,640,drowsy,241,87,387,370
522_jpg.rf.1ed24abe52cbdb5f7bc1afa849acb241.jpg,640,640,awake,250,109,402,440
101_jpg.rf.7dc68baf35247f8518a831ba99f6f326.jpg,640,640,drowsy,138,73,303,474
2400_jpg.rf.b5a471f3b48168383ce347f73b908e56.jpg,640,640,awake,306,159,481,526
2350_jpg.rf.eed2323177035c67e72c75ef82e2dde6.jpg,640,640,awake,399,136,525,505
354_jpg.rf.f29ee5a6027eb83d26cae71eb44141e5.jpg,640,640,drowsy,316,160,489,538
146_jpg.rf.0f00c36e595177f5ea92674bd00a1117.jpg,640,640,drowsy,214,165,365,497
332_jpg.rf.22cf3a4021da575fdbd80836b49829c4.jpg,640,640,drowsy,260,187,458,529
212_jpg.rf.8282a4d6beca2fffe9aa30fc0d4916ee.jpg,640,640,drowsy,224,48,396,526
657_jpg.rf.260e109667021eaf5d26b3ccc84786b6.jpg,640,640,drowsy,263,164,403,476
72_jpg.rf.d8b0010ba819a9bc1209aff6c92523e2.jpg,640,640,drowsy,281,63,434,366
2396_jpg.rf.d6b5685ce79551c8fd43a2ab3c8b4de7.jpg,640,640,awake,323,140,485,529
601_jpg.rf.cca5cd89a6db3b9cd0fa52efc12a6cff.jpg,640,640,drowsy,274,110,425,499
125_jpg.rf.2e748a1c38cfc232b031fb449e62481a.jpg,640,640,drowsy,224,146,346,397
2256_jpg.rf.0c360051f7df854399db2eccfcc61105.jpg,640,640,awake,409,172,528,476
107_jpg.rf.ec486ad5b9210a93e56a4ce277de2619.jpg,640,640,drowsy,133,72,303,484
1542_jpg.rf.937a346bb2ac222a839dce005fa55d80.jpg,640,640,awake,271,208,405,555
228_jpg.rf.191b656792448476c2910345cd7a9de3.jpg,640,640,drowsy,279,168,429,509
509_jpg.rf.d7e11d5922d2364069f8fd2211dd006d.jpg,640,640,awake,199,130,374,467
61_jpg.rf.ca9c073a6eec4a02379cac8678060958.jpg,640,640,drowsy,292,95,409,352
529_jpg.rf.82087c93bd449f0e337c27c1262a5299.jpg,640,640,drowsy,308,123,490,563
1708_jpg.rf.e0c17b3dbb371486b8be80aef98d36d8.jpg,640,640,awake,295,131,456,513
2583_jpg.rf.0cff6e3ea28e19c7a4f2a4cd10dffcef.jpg,640,640,awake,268,210,435,504
66_jpg.rf.f125365f511ed620e10e9b67465ca5d9.jpg,640,640,drowsy,155,41,319,434
2623_jpg.rf.ddd1c495ad8bde487b2f5d0e59bec728.jpg,640,640,awake,330,4,513,389
2107_jpg.rf.8711b817ec626b4b9b3d42f7caa6f44f.jpg,640,640,awake,212,136,382,505
1133_jpg.rf.534b49abf73df680ed2b1c4ff16d8126.jpg,640,640,awake,358,140,471,464
332_jpg.rf.9e4a6b5bdf980580ec4ff2f57fc03b8f.jpg,640,640,awake,255,176,440,504
390_jpg.rf.9aebd55d274961e1423b19b761619e40.jpg,640,640,drowsy,235,39,416,443
528_jpg.rf.226eca9dce75d658a8a1e6681849b415.jpg,640,640,drowsy,323,115,497,544
1333_jpg.rf.fd19614c56e8bb28115a04eddf8db548.jpg,640,640,awake,241,134,398,468
725_jpg.rf.489346159f1dd51818b5018f37c66ed5.jpg,640,640,drowsy,214,86,364,407
155_jpg.rf.20fab874b24674fa3ca438ad3031dcef.jpg,640,640,drowsy,284,143,401,386
621_jpg.rf.db81c5033f075f5146afc3a01662dd1a.jpg,640,640,drowsy,299,107,426,350
547_jpg.rf.ffd2ff317c348b686000172e62080a50.jpg,640,640,drowsy,225,64,409,476
14_jpg.rf.ee9ff83adf418248029b82a6cfb63748.jpg,640,640,drowsy,245,167,377,449
68_jpg.rf.a0c67e0f632bf8b53a92d7db1140f52d.jpg,640,640,drowsy,138,44,310,441
374_jpg.rf.e34510284c9022afb5f604895e53436b.jpg,640,640,drowsy,349,96,506,491
258_jpg.rf.aa7a95aa0d1b5fcbe24e2dbe54132098.jpg,640,640,drowsy,205,56,326,293
85_jpg.rf.22e149d452f314dbb1c8705708570ab6.jpg,640,640,drowsy,245,101,414,487
2610_jpg.rf.25e9a7f0435e560e5a3cbba2515fd7f5.jpg,640,640,awake,203,1,383,315
1130_jpg.rf.579b5d9cf49ee91fc0344125f6f97a7d.jpg,640,640,awake,310,123,445,472
2590_jpg.rf.89a5d729eeb3f434c99d469a72a48a07.jpg,640,640,awake,211,16,402,427
616_jpg.rf.15e6f4f0d6e7186882c62a97bacd8aab.jpg,640,640,drowsy,199,112,386,410
2069_jpg.rf.a234a78cb1022334ee5c1e01d69c5b93.jpg,640,640,awake,331,69,502,445
2284_jpg.rf.108495a02111b67c509f5c4a8dc15e6c.jpg,640,640,awake,264,75,447,481
1712_jpg.rf.12d0592428bd791fd588eaeaa9f592d6.jpg,640,640,awake,290,134,451,524
648_jpg.rf.2683561b723948f3f23cc82f1237324b.jpg,640,640,drowsy,215,181,352,445
655_jpg.rf.a3e93b29b2de8f7c33208e6adfbe85ba.jpg,640,640,drowsy,256,152,388,463
416_jpg.rf.c879b7d363594a9324d61f96ad2d3fcb.jpg,640,640,awake,207,175,369,531
2374_jpg.rf.91b1db692a01eee3b5839496f1aca6da.jpg,640,640,awake,382,140,537,527
502_jpg.rf.5847a9c8a6ead8e8e373e96a25a1d644.jpg,640,640,awake,236,132,382,465
600_jpg.rf.62b791723a0cc2eb116ce3f8989238ad.jpg,640,640,drowsy,346,129,477,525
2430_jpg.rf.29945f9c294ee84744aa071b44da949a.jpg,640,640,awake,271,87,473,476
505_jpg.rf.0ff19fdee0e1104d75845ed44f7c71e6.jpg,640,640,drowsy,334,141,499,528
408_jpg.rf.147617d2a0206126b81c248225c9f5ec.jpg,640,640,drowsy,267,176,405,444
2008_jpg.rf.dea2a013c3b53a2705b848df06c62449.jpg,640,640,awake,303,53,510,477
259_jpg.rf.294f1512654d9422fafacc80b7fb2971.jpg,640,640,drowsy,206,57,324,290
503_jpg.rf.d4de10c8a17c3e3f80c26a157d2037f1.jpg,640,640,drowsy,330,150,495,531
596_jpg.rf.2e49b288c6ea2d83a5be927970207641.jpg,640,640,drowsy,289,60,442,456
448_jpg.rf.ffb523719c4ff3b2c17b4a419e454fc2.jpg,640,640,drowsy,298,89,461,505
2586_jpg.rf.b19785460bb59dff7025a01eee677c2a.jpg,640,640,awake,232,27,408,419
2134_jpg.rf.c5c2e1f1a2c396196e10dbc6b2c1d594.jpg,640,640,awake,256,222,424,528
262_jpg.rf.2730edcaf12e492d1fc48427d5926885.jpg,640,640,drowsy,211,60,330,295
218_jpg.rf.8dde3e1edaf2982c1166ca64a6665a38.jpg,640,640,drowsy,188,163,376,536
263_jpg.rf.db1b4bde0015c4c712647be08f4357e7.jpg,640,640,drowsy,215,53,333,282
1021_jpg.rf.d70bc7a86266688cc28a0dea2b8809b8.jpg,640,640,awake,251,190,426,499
1039_jpg.rf.83773b8b53afad028aae24e058a42bc4.jpg,640,640,awake,296,142,427,473
233_jpg.rf.4c59a18d5a43803c8d73ad68af28985e.jpg,640,640,drowsy,279,173,427,510
255_jpg.rf.9322b22dd91367e8091efb8115f8754d.jpg,640,640,drowsy,224,64,339,294
2356_jpg.rf.f4e21ff4ee9e2ec09d2f996ce1c51a76.jpg,640,640,awake,361,128,527,500
2541_jpg.rf.e337bdf97d82565d38f131a49348f96f.jpg,640,640,awake,177,117,354,428
415_jpg.rf.9e00a8d7fa07dd4a0aed1a4792774989.jpg,640,640,drowsy,258,160,425,494
543_jpg.rf.611de80904109f0bd70bca8b3e0788ee.jpg,640,640,awake,222,71,381,458
382_jpg.rf.a73f065a2a81a581c133b6c1f7e9ec2e.jpg,640,640,drowsy,358,59,528,497
545_jpg.rf.c9710cca817736fffdaa95087d99c0cf.jpg,640,640,drowsy,323,67,526,528
278_jpg.rf.5c33e52eaa296d7f817ecc1a71d56b61.jpg,640,640,awake,84,3,295,348
2247_jpg.rf.df21e4fc9f18ad726158ccf4941ef208.jpg,640,640,awake,361,216,510,527
446_jpg.rf.42b2f7d448696b5aac5a49561995fb51.jpg,640,640,drowsy,329,124,499,538
70_jpg.rf.a16fde4207871849184b2fd0912124a2.jpg,640,640,drowsy,262,60,410,364
729_jpg.rf.697b295514f66e0584f55206f54d4bf3.jpg,640,640,awake,293,117,445,475
442_jpg.rf.4ab2a8fb328a0655d16dd4a2b344a3d7.jpg,640,640,drowsy,356,91,517,493
24_jpg.rf.4ab31b27cf10f32cb7dbe0a7943d90e2.jpg,640,640,drowsy,250,160,380,450
432_jpg.rf.cd851dfffd73816cf63ec5215ff3d54f.jpg,640,640,drowsy,351,168,486,472
31_jpg.rf.28693016342b4a6cbfc3811f8a52dab1.jpg,640,640,drowsy,215,85,372,395
114_jpg.rf.0152c9d1a67da381e6db4724e4b6ac1e.jpg,640,640,awake,238,92,402,443
38_jpg.rf.bfa7f1590f442e47e1ce67b8d200dcbc.jpg,640,640,drowsy,238,88,385,381
840_jpg.rf.23058f39d36868a85c7110c3810133b7.jpg,640,640,awake,277,103,438,449
2223_jpg.rf.0466deb9a71cf63034a44e643067c40e.jpg,640,640,awake,321,143,480,519
224_jpg.rf.dbcc1e05e684948a88219433f4a78330.jpg,640,640,drowsy,224,71,379,470
1933_jpg.rf.2e9b012907aaf44c003b7443a99df5ed.jpg,640,640,awake,312,71,474,428
2330_jpg.rf.b081ae21c2474ca0639a8c33f0ef1a47.jpg,640,640,awake,332,83,509,470
334_jpg.rf.d917068dd281347986e681ad65663a32.jpg,640,640,drowsy,284,233,459,541
1981_jpg.rf.10bf5fda79cc7f1ae3d6c6f006826420.jpg,640,640,awake,356,201,487,504
13_jpg.rf.09aac5a009abb54142bc082b1b260488.jpg,640,640,drowsy,251,164,382,448
418_jpg.rf.e4bda5e472960c19f9a5ea34eddf65d7.jpg,640,640,drowsy,266,155,431,511
510_jpg.rf.785fdcc4961e029007a02571bf8b7787.jpg,640,640,awake,222,123,384,460
1942_jpg.rf.9972f3a85277884e011bfe102a21dbe5.jpg,640,640,awake,327,79,482,433
494_jpg.rf.b5176e1026dfc329a6741fe51f2ef12b.jpg,640,640,drowsy,216,85,366,458
324_jpg.rf.ab80610ce4741f4cb79768363e8789a5.jpg,640,640,drowsy,259,186,418,520
56_jpg.rf.22287a652dcfbe3843a081034c027f20.jpg,640,640,awake,169,42,351,413
541_jpg.rf.725d182580b662bde1803b2dca22bed1.jpg,640,640,drowsy,304,127,454,493
94_jpg.rf.249d29e1af7f03931c8743bf48caef78.jpg,640,640,drowsy,202,139,338,416
380_jpg.rf.097edd5fd90814e4657700d015bdf8dc.jpg,640,640,awake,222,150,395,476
2298_jpg.rf.00e3084041a7b67eb116c5508016a9a4.jpg,640,640,awake,332,114,477,485
2074_jpg.rf.ce6b82b9144ef623fcae53e084cdab2d.jpg,640,640,awake,325,72,499,445
1817_jpg.rf.3a1c2e3d158a86662f31600fa003bcd3.jpg,640,640,awake,276,80,446,459
406_jpg.rf.0c5aba28624fb5e5b8dada1b3f383367.jpg,640,640,drowsy,268,166,407,455
2471_jpg.rf.f74e001e6644b16323e1bfa9c27c6248.jpg,640,640,awake,216,115,385,506
64_jpg.rf.02245b64bba40fc91a8fe9786bc50278.jpg,640,640,drowsy,293,96,409,345
726_jpg.rf.90145bb5faff3c4da45df6ea13752d38.jpg,640,640,awake,281,111,441,471
543_jpg.rf.a94b24e609fce4feb185ec27c7aef7ca.jpg,640,640,drowsy,304,55,500,513
467_jpg.rf.897065d977546cf2215107b27c0df11d.jpg,640,640,awake,217,73,393,478
680_jpg.rf.491a0995b774b36d67f6a25425c1fe8a.jpg,640,640,drowsy,247,40,385,327
780_jpg.rf.d7c2b0e90229939cde64058cd55ce5ac.jpg,640,640,awake,256,128,419,475
537_jpg.rf.167e95815a90092369883d123f733878.jpg,640,640,drowsy,300,168,470,514
564_jpg.rf.44a395361b12a17ead9533b8a1b7036c.jpg,640,640,drowsy,297,116,417,396
469_jpg.rf.73249720ddf27f043ff145cdb6e44eff.jpg,640,640,awake,216,85,390,484
264_jpg.rf.e8d02bf719ff137e346f06053b7d9db5.jpg,640,640,drowsy,260,100,424,482
650_jpg.rf.2d7c4698f27726245acaf5df4f29a715.jpg,640,640,drowsy,232,187,367,443
1174_jpg.rf.1c3ae1836e461f5e892a00fc2b74fba8.jpg,640,640,awake,261,133,457,480
1600_jpg.rf.c9adc4263d627828d8c4c702f325d679.jpg,640,640,awake,300,148,488,538
701_jpg.rf.a78ca561528168a4d14bff46748e8492.jpg,640,640,drowsy,288,163,402,375
566_jpg.rf.dcae5720e46314d9f440c2fbbc8c11f8.jpg,640,640,drowsy,291,115,414,389
1073_jpg.rf.b3f446e75bdcf468387b0e73a296d762.jpg,640,640,awake,254,210,468,519
441_jpg.rf.1d4f9cf934c35bfb6f21e23063f9a702.jpg,640,640,drowsy,355,91,520,497
315_jpg.rf.65649ca1236bfd6de275aefa181035b5.jpg,640,640,drowsy,242,198,394,485
829_jpg.rf.ba3b5a3ec501ebf61534fd60f8f1fb4b.jpg,640,640,awake,265,101,450,490
208_jpg.rf.541210e9bd59e3a9357d69ac041ef9c0.jpg,640,640,drowsy,186,149,382,570
760_jpg.rf.604c9c1f9cbca7536acbb089bbd8b91b.jpg,640,640,awake,261,160,448,511
2538_jpg.rf.a70ca32718a3b4955d96f082ba41bfcb.jpg,640,640,awake,260,1,436,408
2483_jpg.rf.d9ea02bf0e3139dd08c32ba4bb79bcae.jpg,640,640,awake,212,5,385,401
53_jpg.rf.2ec365356cc86fc9c44e9619d12d746a.jpg,640,640,drowsy,183,25,361,417
2229_jpg.rf.14db6e5f4827ecee20fcbba7b427facc.jpg,640,640,awake,330,134,480,506
2511_jpg.rf.4dc127b420d1f332ac6fdf1d26597b03.jpg,640,640,awake,136,64,340,430
425_jpg.rf.fa33876b3ddbe99cff8c055282c3c9b8.jpg,640,640,drowsy,280,224,414,492
640_jpg.rf.f232818272a897712c4b14e78f3f5f0d.jpg,640,640,awake,265,129,483,539
1769_jpg.rf.e0a603d23a4e0896a19006bccfb1f8f6.jpg,640,640,awake,271,159,448,518
2344_jpg.rf.fc8191a5ff86dbbcc6cd510786e30996.jpg,640,640,awake,295,88,449,472
439_jpg.rf.7eab1505a1922b379225980d63f6994f.jpg,640,640,drowsy,319,92,497,499
74_jpg.rf.5775ad8cd619f8b9b378828063a55ac6.jpg,640,640,drowsy,289,60,441,366
676_jpg.rf.7d6419d26761bf312e943d4fd1a28449.jpg,640,640,drowsy,287,12,463,434
198_jpg.rf.8cdec47b062ea3feddd8c8f18ceda404.jpg,640,640,drowsy,190,144,360,559
286_jpg.rf.9deb72236eef866f23b206d6b7bc5ec5.jpg,640,640,drowsy,282,94,461,540
238_jpg.rf.1bf125c47c4add2da639dd277ed0ffe7.jpg,640,640,drowsy,236,168,391,517
638_jpg.rf.f6d2ba487a61ca4886ffde6da942f147.jpg,640,640,awake,332,108,528,502
301_jpg.rf.8e4c9e26f344e0ffb1d5dfef32243c41.jpg,640,640,drowsy,250,94,418,439
2197_jpg.rf.d7dcf90fd619c28b75095025f42e7cca.jpg,640,640,awake,333,133,514,465
534_jpg.rf.8dc1de5aba188911069648a7f6d6f8ce.jpg,640,640,drowsy,354,75,524,464
9_jpg.rf.97e7f99090c6f7f528b8cc4e70974cbf.jpg,640,640,drowsy,252,167,387,454
2196_jpg.rf.663b7bb28b834c6df9fe6123ff3749d9.jpg,640,640,awake,386,144,530,472
226_jpg.rf.517eabe362b815b7961fa4adda1784e0.jpg,640,640,awake,121,43,298,403
2009_jpg.rf.aefdc35ee33eeba11b6a0f32f18989c4.jpg,640,640,awake,300,48,509,478
421_jpg.rf.fb9d73a72b368b4d81b98ddc28550424.jpg,640,640,drowsy,288,224,417,500
276_jpg.rf.2b25e0f447277eec329757076547d2cb.jpg,640,640,drowsy,260,115,417,490
288_jpg.rf.f601fa8d9ac886ebd020e4017615b3c5.jpg,640,640,drowsy,277,93,457,535
1266_jpg.rf.adf47735efa619346de8960bdc9669aa.jpg,640,640,awake,275,103,466,465
911_jpg.rf.63dd66d95bb7265d15b918c6f32562d3.jpg,640,640,awake,341,139,462,450
2428_jpg.rf.2d241f1e7d736d0266f215cf5f1c70c1.jpg,640,640,awake,220,116,399,395
792_jpg.rf.ff583c1d428f3ec4979ab262d4990aa4.jpg,640,640,awake,287,185,422,508
692_jpg.rf.a12ef4ee65da2c440c29d4169d69e1b3.jpg,640,640,drowsy,155,90,341,445
386_jpg.rf.d2f13682de7e565fb6fa6391b804b77a.jpg,640,640,drowsy,268,128,409,505
723_jpg.rf.0e03a07e535596204e8b880f995e0805.jpg,640,640,drowsy,210,96,366,430
1487_jpg.rf.b53c302dfeebbb51a3caf1c29e0f1953.jpg,640,640,awake,294,117,477,503
2296_jpg.rf.9e95292b7eedd0f7508b918d0b007854.jpg,640,640,awake,269,119,433,483
520_jpg.rf.90baf81b615a65cadc3cad9c7ff219cd.jpg,640,640,drowsy,319,143,469,463
2440_jpg.rf.5a59fa461375cd6b1ad0919f9fa70c97.jpg,640,640,awake,250,72,442,441
2153_jpg.rf.479aa02f4376e3872dd9ed0845f52f89.jpg,640,640,awake,293,129,433,481
2057_jpg.rf.78c86172e97896597bbfdfa78860d34e.jpg,640,640,awake,217,25,409,380
1370_jpg.rf.dcca6bf9a285b260a70598b55a6c13bb.jpg,640,640,awake,251,62,435,417
1061_jpg.rf.c34ba32846ef885880e8e6e19f842327.jpg,640,640,awake,245,182,467,539
1767_jpg.rf.9fc98d787ac0fb87dfbd9b85dba05414.jpg,640,640,awake,265,154,445,517
1281_jpg.rf.28ae987ccf533b713060ac29a47945bf.jpg,640,640,awake,284,99,470,503
672_jpg.rf.01f95290c5e829a97dd2448c353bc962.jpg,640,640,drowsy,270,93,409,368
958_jpg.rf.6084aff4c344bc1ac1554f35ea8849e4.jpg,640,640,awake,163,117,384,571
535_jpg.rf.c18406e362413cbf5f99693838e03b04.jpg,640,640,drowsy,357,69,522,456
231_jpg.rf.de95b498571e435fe72ccdf8646690c5.jpg,640,640,drowsy,277,174,428,517
174_jpg.rf.dee62935a3484f046dd531615abac2cb.jpg,640,640,awake,183,30,371,405
1447_jpg.rf.d39b8a4b58ab4f00c6bc198895424a33.jpg,640,640,awake,354,146,482,437
54_jpg.rf.e3b00da54464d7a1c48bbf103e8508da.jpg,640,640,drowsy,263,91,383,339
560_jpg.rf.3779c58a7e83c5fe55e2fce206e3d427.jpg,640,640,drowsy,332,62,503,467
2482_jpg.rf.1999e976148cc3af811474463a10b594.jpg,640,640,awake,110,1,325,397
230_jpg.rf.8b171ee03daac7d754ca4b8c7e3db67f.jpg,640,640,drowsy,275,167,426,514
1132_jpg.rf.7ddcc071c0709a982fbea202c1b78d6e.jpg,640,640,awake,312,148,449,490
2470_jpg.rf.bdae85bf3fac2cf843e44c78f0b930f1.jpg,640,640,awake,223,128,387,509
2500_jpg.rf.f442e65ed9e106cf08eb17b3e9ecc122.jpg,640,640,awake,322,77,433,408
1172_jpg.rf.95416426ca4d58e1a79a13f5fc9e95fe.jpg,640,640,awake,291,117,463,480
697_jpg.rf.95d4f796bcb0ecfc22a1cee57f1dddf6.jpg,640,640,drowsy,287,161,407,415
295_jpg.rf.8feeb109c0a20430e98cde27e7e29c9b.jpg,640,640,awake,244,156,446,534
607_jpg.rf.064661822cc98d0c6d21cd16288cb425.jpg,640,640,drowsy,319,169,506,556
2532_jpg.rf.17150364dd7685f3b00d30acb3066eb1.jpg,640,640,awake,248,10,429,405
71_jpg.rf.d34b15224b4de7c85c4cf3c03cb39b27.jpg,640,640,awake,105,107,292,460
787_jpg.rf.6f3f731afee194ad1495648ae3ef2814.jpg,640,640,awake,271,113,421,465
1033_jpg.rf.d1932334da887573708ab1ea432ff4d2.jpg,640,640,awake,248,172,426,498
2014_jpg.rf.e97104bbd42f2ada72f4d849f4e2593c.jpg,640,640,awake,305,53,511,475
2327_jpg.rf.168242a03ede4d3e7fe2b59fbf58f543.jpg,640,640,awake,312,87,471,486
349_jpg.rf.f9c0ebcca7e9b53da0162c7d94673cb2.jpg,640,640,drowsy,319,171,493,549
1914_jpg.rf.647fdf437f7da95c9fe1a96cc72256d7.jpg,640,640,awake,280,132,431,470
461_jpg.rf.2e146829231a827d793d3fbaf1246197.jpg,640,640,awake,209,76,381,476
364_jpg.rf.7703a83c35346607f26659e32bc3f285.jpg,640,640,drowsy,292,122,460,501
220_jpg.rf.af6e7de10e5a9a800881d45ed4cc75a1.jpg,640,640,drowsy,296,197,474,552
357_jpg.rf.d6b5453c850eecaa54b9950bebc27724.jpg,640,640,drowsy,266,116,423,513
370_jpg.rf.4d7a00147ca948e2e35a6afe1dad11e5.jpg,640,640,drowsy,372,124,516,506
583_jpg.rf.41e360f89b4adf4a34a5625a583fac75.jpg,640,640,drowsy,238,123,395,480
1111_jpg.rf.5d9656456f2eb5c1619b9a22c40c2baa.jpg,640,640,awake,252,119,422,501
2157_jpg.rf.1b02fd3441c49c8148d965e5e1730b2a.jpg,640,640,awake,249,131,411,482
405_jpg.rf.c9534db243e67aea233020d247f6c7cd.jpg,640,640,drowsy,268,165,406,450
225_jpg.rf.07074aadedc903ab98da7ea7905832fe.jpg,640,640,awake,124,23,296,401
549_jpg.rf.170e8a69316259af560a9c4aab45f100.jpg,640,640,drowsy,248,54,421,484
2357_jpg.rf.01228b8e265256b8c9004dab8472b2f3.jpg,640,640,awake,383,133,542,507
653_jpg.rf.25be156b5b517976ae660a19e0960081.jpg,640,640,awake,203,132,388,531
716_jpg.rf.5b0a73790a8a7bec2d3bf04a69302a82.jpg,640,640,drowsy,206,80,352,429
506_jpg.rf.defb7fe11c4081629767e7defe3052d6.jpg,640,640,drowsy,342,160,505,537
245_jpg.rf.80d1180d4fd7521753649f7587ea3ebe.jpg,640,640,drowsy,247,160,375,416
1570_jpg.rf.b9254101aa2e0008eabf23d4d59aded6.jpg,640,640,awake,334,120,497,426
606_jpg.rf.a7ef9c516633bc46f91790bf029d073d.jpg,640,640,awake,258,180,434,503
275_jpg.rf.faf26eddf74cc5db0cc70527bfe291ef.jpg,640,640,drowsy,277,155,450,537
389_jpg.rf.47f04d53b35ddbca1a4bd9179ac2a4e3.jpg,640,640,drowsy,209,79,361,455
2066_jpg.rf.dda311d935985ac157ab4fe908b715a7.jpg,640,640,awake,329,69,503,443
456_jpg.rf.ce9f9bc4479dcbe261def61fbd616663.jpg,640,640,drowsy,258,187,432,591
237_jpg.rf.4733d0a55faa1e43728e2cb561fe91df.jpg,640,640,awake,239,167,389,485
177_jpg.rf.d19e507fd639f516b471e5247307d3f7.jpg,640,640,awake,264,38,371,406
1201_jpg.rf.faa68210b0e375768261d0939e08b919.jpg,640,640,awake,373,116,541,474
72_jpg.rf.f56764d7cd9f513e6a524cf479553f26.jpg,640,640,awake,105,96,293,464
962_jpg.rf.37641bba7a7c74650b4482cbca8207b3.jpg,640,640,awake,239,80,423,476
412_jpg.rf.455982897db0bb61d7407975ce76b038.jpg,640,640,awake,208,183,367,528
32_jpg.rf.5b4ef4f76b1acc02ec6663fe1180d46e.jpg,640,640,drowsy,217,88,374,394
1448_jpg.rf.35f9c208737be9c9a7ec3e350a6cb29e.jpg,640,640,awake,372,146,490,437
368_jpg.rf.44eda231e2f861bd861ff2a20b29a804.jpg,640,640,drowsy,329,95,489,496
1986_jpg.rf.37a13f939a11c57a867aaeac48e4e10a.jpg,640,640,awake,302,184,459,494
76_jpg.rf.341b3370cf419fd41d6a383093371dde.jpg,640,640,drowsy,283,64,432,358
99_jpg.rf.d64c2b0419ea771f14666409ee69e550.jpg,640,640,awake,179,157,333,444
131_jpg.rf.06e2ad5db7789d1b30d498a1dd0b407b.jpg,640,640,drowsy,181,180,309,431
518_jpg.rf.ddf824274223fd428f2302357e8d047c.jpg,640,640,drowsy,262,95,449,506
1176_jpg.rf.4a8e9c44ba183cdb8220abb67ba7d39b.jpg,640,640,awake,298,124,480,469
1936_jpg.rf.75080157f644b0ac4fc677a690841543.jpg,640,640,awake,316,82,472,432
683_jpg.rf.4d5b227e7152ac27a25a9dfc913a6efb.jpg,640,640,awake,167,128,342,438
1247_jpg.rf.7aa80284306e12cfe9dc5994be8d2518.jpg,640,640,awake,299,107,475,438
615_jpg.rf.0716187b7982625431c1da43e323c382.jpg,640,640,drowsy,182,88,371,414
988_jpg.rf.8f197d0ed1b64fd4c0f3330fefbf5182.jpg,640,640,awake,268,152,440,451
287_jpg.rf.0f15d573a4b411bb4bdc813df860a3cb.jpg,640,640,drowsy,279,96,460,538
296_jpg.rf.f1b13b30a737cda824bb1b4db55e5da0.jpg,640,640,drowsy,275,100,450,536
2156_jpg.rf.c1bfad54239bf43b9729fedb0de11eee.jpg,640,640,awake,221,122,398,483
478_jpg.rf.7759b25a13d5208b8d663f7014a825f2.jpg,640,640,drowsy,223,127,390,514
657_jpg.rf.038f6d94b2aa5b1f295d4546c0b520ca.jpg,640,640,awake,251,117,430,510
660_jpg.rf.d80e7c71a3968da58594bf944bfa87ba.jpg,640,640,awake,360,154,515,531
458_jpg.rf.fd6a518fcbd6807b44989c20caf1adf4.jpg,640,640,drowsy,261,155,449,573
557_jpg.rf.7b66f4b6d98af8d71de2e94d235c75fc.jpg,640,640,awake,272,200,425,508
1788_jpg.rf.c8b109ce27e993033ceb35796310df60.jpg,640,640,awake,450,154,566,466
1068_jpg.rf.3e21b1738c5dae165842d67083c2c738.jpg,640,640,awake,263,198,474,527
269_jpg.rf.81d45d00cc9fce6b00105b50ca3cb627.jpg,640,640,drowsy,190,116,362,480
711_jpg.rf.e20a9323a5919e51892f848491a7e23b.jpg,640,640,drowsy,251,71,367,308
187_jpg.rf.9c7972967904e448a82f0cf73f6d802e.jpg,640,640,drowsy,236,144,407,520
637_jpg.rf.e2188a6a9eb6b9aceb6bda254deb3074.jpg,640,640,drowsy,208,96,371,516
589_jpg.rf.1b799146617e44c8ccca8a658a50fee4.jpg,640,640,drowsy,377,112,524,463
52_jpg.rf.4edf74ae5d186d334c2fdcde27a8369e.jpg,640,640,drowsy,186,29,361,416
173_jpg.rf.dabb3d71f6b07a633cee2a15fa8f9565.jpg,640,640,drowsy,231,80,352,335
28_jpg.rf.7562d33f1f365fabf3db8226df66f579.jpg,640,640,awake,287,85,432,424
2431_jpg.rf.0f7fe66cee0cb4e432761aeaa209b7d6.jpg,640,640,awake,298,64,480,476
522_jpg.rf.cba51c7336447579ec07f7114d21f311.jpg,640,640,drowsy,349,142,479,454
97_jpg.rf.68b9ef520d5a8954ea3506ad6788291f.jpg,640,640,drowsy,149,79,309,477
667_jpg.rf.554ca3e3c12d00207dec28a7b26d73f9.jpg,640,640,drowsy,173,27,345,370
1209_jpg.rf.d847b3bf027cd70a31c0121b2e4c7376.jpg,640,640,awake,346,118,525,485
701_jpg.rf.0cb530031e15f072994dd03c4cba14fe.jpg,640,640,awake,122,151,300,485
900_jpg.rf.e7a77e4f322a9327442470f5dbb5d024.jpg,640,640,awake,358,215,508,579
502_jpg.rf.b64900eac5ead39f566d77d05626b9ec.jpg,640,640,drowsy,331,143,499,536
1038_jpg.rf.7e783dc0c2824d904e3f1f5394ea40f5.jpg,640,640,awake,227,149,408,472
2031_jpg.rf.58ef495a846c0dc738a903ec681a96fe.jpg,640,640,awake,297,61,505,488
994_jpg.rf.fcddaabd3a46b725d5ca6bd0e3664d86.jpg,640,640,awake,315,192,466,476
642_jpg.rf.0ad5a1a271c79a54d6aa26705759832e.jpg,640,640,drowsy,229,199,364,449
851_jpg.rf.5640e73f7a83189cca20e43131463fc6.jpg,640,640,awake,283,117,446,463
93_jpg.rf.824ba8853116ac33b37a00c12a740a49.jpg,640,640,awake,148,165,315,449
2086_jpg.rf.6ed5350c24f28d857984e2202d60a916.jpg,640,640,awake,317,109,455,446
628_jpg.rf.3404d98e5dcc5413695235793ef7b4d2.jpg,640,640,drowsy,323,38,499,439
2033_jpg.rf.36e3ec9253631204aa654335551a5ad0.jpg,640,640,awake,324,55,512,467
157_jpg.rf.9d2ed76a08a87cbe96be43063555db1a.jpg,640,640,drowsy,303,141,426,386
369_jpg.rf.c4994f8cc671d3fe80667bf4c95fef14.jpg,640,640,drowsy,333,101,481,479
433_jpg.rf.f3efaf2f61fdc906bf891adfbc6054dc.jpg,640,640,drowsy,354,167,490,462
33_jpg.rf.21edcffa7eef99cf97bbcceee44e058b.jpg,640,640,drowsy,224,88,380,381
1592_jpg.rf.fc0897c03f7ceca88f37c2b796069c44.jpg,640,640,awake,292,135,485,533
580_jpg.rf.9278ee721ab75fadaf6b68c1f56557f4.jpg,640,640,drowsy,259,133,407,523
603_jpg.rf.85bb98beb821e188b0ab016762db8c43.jpg,640,640,drowsy,296,81,460,523
2013_jpg.rf.9d69925e2751b8beb0771025643e6598.jpg,640,640,awake,299,56,509,476
436_jpg.rf.804c689a435c4c6d73ecced95afe11e2.jpg,640,640,awake,197,175,395,543
1643_jpg.rf.5daaa602e6deb71a3920d51822a4c5cf.jpg,640,640,awake,274,183,416,465
393_jpg.rf.6b240c2e321345cc5815f03e4bad0d70.jpg,640,640,drowsy,231,27,409,398
987_jpg.rf.7676bef60e8185318e8ff73e05fa7db8.jpg,640,640,awake,263,156,449,461
1374_jpg.rf.7a92dc8c1fc06c7079a51a9772371c3c.jpg,640,640,awake,263,111,424,453
1871_jpg.rf.f2349e9bdb7e2cae260e8bc0fca56972.jpg,640,640,awake,362,112,499,448
238_jpg.rf.d7cccb06494e30a325d9ff95d71fd5df.jpg,640,640,awake,243,184,389,497
542_jpg.rf.6f6f721aff3419e6fddb568372b26d9f.jpg,640,640,drowsy,303,48,506,510
377_jpg.rf.ac0df3bc72eecbf3086dc19250bd737e.jpg,640,640,drowsy,306,85,477,490
26_jpg.rf.b8789672d1c93693b5ba277e3425a37c.jpg,640,640,drowsy,227,88,385,396
658_jpg.rf.64cf528537def715d9fa731301e2c925.jpg,640,640,awake,239,123,422,510
536_jpg.rf.f914b83e0516971475b4f4e7b76b9495.jpg,640,640,drowsy,363,63,522,448
254_jpg.rf.51676eadd4ba1be44df3637707c2cc3a.jpg,640,640,awake,238,193,385,506
22_jpg.rf.18118a210240dbef415e6d0182604c93.jpg,640,640,drowsy,255,161,383,446
470_jpg.rf.01221337996c0cc48a62be18db7dc747.jpg,640,640,drowsy,228,133,400,529
234_jpg.rf.8daba9e76eb6a4b5b24b58b2d8fb4f9f.jpg,640,640,drowsy,234,120,413,508
957_jpg.rf.ef379d7acc84cad28a4f6f313cff4908.jpg,640,640,awake,150,118,386,596
483_jpg.rf.6eea57944423a6e98b43317641bff6f1.jpg,640,640,awake,240,153,385,475
669_jpg.rf.0a908cb112c4bb43942d31c9e0baad75.jpg,640,640,drowsy,259,96,401,381
501_jpg.rf.d70b30fbdfc1e3f8ba2adcf71109b6c3.jpg,640,640,awake,235,129,383,462
417_jpg.rf.60352471f4efc3ff7c005a5f15da0904.jpg,640,640,drowsy,293,155,446,504
376_jpg.rf.81c10253b981fd6bd66f0f3328e49c26.jpg,640,640,drowsy,319,85,480,474
171_jpg.rf.88cceb7516c2a07263b0e17662179906.jpg,640,640,drowsy,215,80,342,367
1173_jpg.rf.ddd735a878dab349b490e0d26a3d0ced.jpg,640,640,awake,302,121,484,457
2342_jpg.rf.d41a173efcb3a3915fa11afd07e5d53c.jpg,640,640,awake,287,81,449,477
388_jpg.rf.6b4c0f27434acb67a2fe80cf7369b157.jpg,640,640,drowsy,200,85,356,460
179_jpg.rf.3cafb6d2923b8d1dc7dab4afa0ef1680.jpg,640,640,awake,254,44,368,396
431_jpg.rf.4b0113034f83843acb3b9a53d9cfbbaf.jpg,640,640,drowsy,349,162,487,471
2346_jpg.rf.8e0be41a4fd6b36cc3178d3167ec339b.jpg,640,640,awake,301,102,456,485
1783_jpg.rf.a3d750c7ab7bb8f0d7014437c3c5f4f3.jpg,640,640,awake,369,171,530,487
852_jpg.rf.d3bb3d229f872165afcae57e8fe8236d.jpg,640,640,awake,282,112,446,463
270_jpg.rf.ff342310e34b3d744d23dad96d76ef7f.jpg,640,640,drowsy,309,101,453,489
218_jpg.rf.cf07a06411bd4b262fae6e1658c29762.jpg,640,640,awake,110,27,297,400
1856_jpg.rf.f2bc8d20c621688afb8c7058f1b03487.jpg,640,640,awake,250,88,442,463
226_jpg.rf.0aaabff4a2ac68e72fc87602fd017cec.jpg,640,640,drowsy,279,167,430,512
105_jpg.rf.771c480dc8877548287645215f38766e.jpg,640,640,drowsy,139,75,307,481
591_jpg.rf.29bb5124c9bcdbf9511b53a09650368a.jpg,640,640,drowsy,332,138,472,515
213_jpg.rf.c9a0cdeb8f7b3c7a0ca740b3381bb7ea.jpg,640,640,awake,212,221,361,443
658_jpg.rf.51108b87d7192ad445d5c53361ab0099.jpg,640,640,drowsy,262,149,399,446
335_jpg.rf.1f10b3916d117fa195ff5693c6451b3e.jpg,640,640,drowsy,283,211,461,544
1029_jpg.rf.862a418fda82cc2632be7106fa3767fb.jpg,640,640,awake,247,173,421,497
248_jpg.rf.1600d172de68f49296f0e5ef5b9747ed.jpg,640,640,drowsy,257,56,449,484
510_jpg.rf.829f95428a3e00a1819c951b1698cfca.jpg,640,640,drowsy,395,147,548,510
295_jpg.rf.fa1c16e05115cc3c9df3f1da7c58e532.jpg,640,640,drowsy,286,92,465,540
333_jpg.rf.037b648144ec3fef0eadca7f32a2343d.jpg,640,640,awake,220,187,433,523
407_jpg.rf.21e9b6260e0bd71d02feef41dbf973de.jpg,640,640,drowsy,267,176,410,445
703_jpg.rf.0384506af6caa6dc90347ee3eae819b5.jpg,640,640,awake,171,139,360,473
2577_jpg.rf.43ec383b1dd9bcbea164013b28d8ebab.jpg,640,640,awake,269,213,437,512
149_jpg.rf.d1245782739787798dfe4029c6c19686.jpg,640,640,drowsy,257,151,383,462
1376_jpg.rf.0dbf21c275474cbeefe144a31c42a01c.jpg,640,640,awake,258,118,420,459
1982_jpg.rf.559a18eeb3485ffaa0d629b96a0952ea.jpg,640,640,awake,299,178,455,506
2547_jpg.rf.9e1210fa1481f13b3ece8adde8cf3f09.jpg,640,640,awake,209,104,376,424
175_jpg.rf.bc5d6aa99c0ded25da3776f50472ebf8.jpg,640,640,drowsy,227,84,351,356
147_jpg.rf.497015148b9ce228e2ad52edde8f323c.jpg,640,640,awake,128,74,306,455
507_jpg.rf.12bc3f08728abd1029a2167b771f48ce.jpg,640,640,awake,223,124,377,464
372_jpg.rf.74d67fdad29cef1ee687dd1e350e6ff2.jpg,640,640,drowsy,352,92,511,491
